elevation,mindate,maxdate,latitude,name,datacoverage,id,elevationUnit,longitude,state
143.3,2009-07-01,2014-05-02,44.193964,"TURNER 4.3 SSW, ME US",0.9947,GHCND:US1MEAN0001,METERS,-70.26474,ME
75.0,2010-03-01,2011-10-26,44.092411,"AUBURN 1.7 WNW, ME US",0.8982,GHCND:US1MEAN0007,METERS,-70.281093,ME
46.6,2015-07-01,2025-09-26,44.0068323,"LISBON FALLS 0.1 SW, ME US",0.9991,GHCND:US1MEAN0011,METERS,-70.0595972,ME
73.2,2009-11-01,2025-12-24,44.1160843,"AUBURN 2.5 NNE, ME US",0.5136,GHCND:US1MEAN0012,METERS,-70.2271503,ME
72.5,2011-04-01,2012-09-11,44.117904,"AUBURN 2.7 NNE, ME US",0.6099,GHCND:US1MEAN0015,METERS,-70.222789,ME
96.3,2010-11-01,2019-01-20,44.247669,"GREENE 4.5 NNW, ME US",1.0,GHCND:US1MEAN0016,METERS,-70.179973,ME
71.9,2011-08-01,2014-09-17,44.081024,"SABATTUS 2.7 SSW, ME US",0.7892,GHCND:US1MEAN0020,METERS,-70.112588,ME
70.7,2011-11-01,2014-04-08,43.921108,"DURHAM 3.6 SSE, ME US",0.9011,GHCND:US1MEAN0021,METERS,-70.141666,ME
74.4,2012-10-01,2015-04-29,44.0983123779297,"LEWISTON 0.9 NW, ME US",0.6308,GHCND:US1MEAN0025,METERS,-70.1847457885742,ME
93.3,2013-03-01,2014-10-24,44.0982513427734,"AUBURN 1.1 NNE, ME US",1.0,GHCND:US1MEAN0026,METERS,-70.2398529052734,ME
114.9,2014-04-01,2015-07-17,44.332031,"NORTH TURNER 1.0 SW, ME US",1.0,GHCND:US1MEAN0028,METERS,-70.268492,ME
76.2,2015-08-15,2023-07-17,44.092274,"AUBURN 0.9 NW, ME US",0.4122,GHCND:US1MEAN0030,METERS,-70.262788,ME
117.3,2015-11-18,2021-07-12,44.304768,"WINTHROP 9.4 W, ME US",0.8159,GHCND:US1MEAN0032,METERS,-70.158354,ME
96.0,2018-07-15,2025-12-24,44.073426,"MECHANIC FALLS 2.7 S, ME US",0.9998,GHCND:US1MEAN0040,METERS,-70.401514,ME
80.2,2018-12-01,2025-12-24,44.11275,"AUBURN 2.1 NNW, ME US",0.8303,GHCND:US1MEAN0041,METERS,-70.26452,ME
53.9,2019-08-26,2025-12-25,44.0232,"LISBON 0.6 S, ME US",1.0,GHCND:US1MEAN0043,METERS,-70.1055,ME
51.5,2020-12-08,2025-12-25,43.96119,"DURHAM 0.8 S, ME US",0.9986,GHCND:US1MEAN0046,METERS,-70.12462,ME
76.2,2021-08-09,2023-10-08,44.082013,"AUBURN 1.1 W, ME US",0.7156,GHCND:US1MEAN0047,METERS,-70.272182,ME
148.1,2023-06-01,2025-12-25,44.42105,"LIVERMORE FALLS 3.7 SSW, ME US",0.7484,GHCND:US1MEAN0049,METERS,-70.204092,ME
76.5,2024-02-09,2025-12-25,44.116182,"AUBURN 2.5 NNE, ME US",0.9987,GHCND:US1MEAN0052,METERS,-70.226472,ME
204.2,2009-08-01,2013-01-08,47.11055,"ST. FRANCIS 10.8 SW, ME US",0.9036,GHCND:US1MEAR0004,METERS,-69.114167,ME
174.3,2009-12-01,2011-05-15,46.3388,"MONTICELLO 3.0 NW, ME US",1.0,GHCND:US1MEAR0006,METERS,-67.886,ME
183.8,2010-02-01,2011-10-14,46.9855,"WINTERVILLE 2.4 WNW, ME US",1.0,GHCND:US1MEAR0008,METERS,-68.616167,ME
130.1,2010-01-01,2015-12-31,46.216962,"LITTLETON 1.3 SW, ME US",0.9863,GHCND:US1MEAR0009,METERS,-67.858915,ME
151.2,2013-03-01,2025-12-25,46.6796,"PRESQUE ISLE 1.3 WSW, ME US",1.0,GHCND:US1MEAR0015,METERS,-68.0127,ME
258.5,2013-11-01,2025-12-25,47.0108,"NEW SWEDEN 4.9 NNW, ME US",1.0,GHCND:US1MEAR0018,METERS,-68.1439,ME
168.9,2015-03-06,2020-03-14,47.349337,"MADAWASKA 2.5 E, ME US",0.8005,GHCND:US1MEAR0023,METERS,-68.281411,ME
256.3,2018-05-21,2020-10-29,46.91495,"CARIBOU 8.5 WNW, ME US",0.2878,GHCND:US1MEAR0027,METERS,-68.15662,ME
184.4,2018-08-07,2025-11-17,46.625475,"PRESQUE ISLE 4.2 S, ME US",0.3466,GHCND:US1MEAR0028,METERS,-67.9927616,ME
122.2,2018-11-08,2021-11-23,46.12775,"HOULTON 0.7 N, ME US",0.5108,GHCND:US1MEAR0030,METERS,-67.83418,ME
182.0,2019-09-01,2024-09-05,47.01713,"WESTMANLAND 2.9 N, ME US",0.5175,GHCND:US1MEAR0033,METERS,-68.2242,ME
204.8,2018-11-11,2020-08-26,46.728653,"PRESQUE ISLE 3.0 NNW, ME US",0.8362,GHCND:US1MEAR0035,METERS,-67.999963,ME
177.1,2021-08-09,2022-04-19,46.82753,"CARIBOU 3.0 SSW, ME US",1.0,GHCND:US1MEAR0039,METERS,-68.019898,ME
125.0,2022-04-13,2025-11-11,46.098981,"HOULTON 2.2 SW, ME US",0.5788,GHCND:US1MEAR0040,METERS,-67.870806,ME
230.7,2023-05-13,2025-12-25,46.702731,"CASTLE HILL 1.0 S, ME US",0.999,GHCND:US1MEAR0041,METERS,-68.217363,ME
125.6,2023-08-01,2025-12-25,46.150247,"HOULTON 2.5 NNW, ME US",0.7066,GHCND:US1MEAR0042,METERS,-67.856271,ME
17.1,2009-11-01,2012-04-24,43.592,"SCARBOROUGH 0.7 WSW, ME US",0.9345,GHCND:US1MECM0002,METERS,-70.344,ME
36.9,2009-07-01,2024-01-24,43.92372,"NEW GLOUCESTER 3.0 SE, ME US",0.9998,GHCND:US1MECM0003,METERS,-70.25789,ME
58.8,2009-07-01,2009-11-13,43.8206543,"YARMOUTH 2.9 NW, ME US",1.0,GHCND:US1MECM0004,METERS,-70.2474011,ME
44.8,2009-07-01,2016-12-27,43.744,"GORHAM 4.9 NNW, ME US",0.9998,GHCND:US1MECM0007,METERS,-70.489,ME
45.1,2009-07-01,2025-12-24,43.71213,"PORTLAND 5.1 NW, ME US",0.8181,GHCND:US1MECM0008,METERS,-70.288869,ME
47.9,2009-10-01,2010-05-28,43.858315,"FREEPORT 0.3 WNW, ME US",1.0,GHCND:US1MECM0009,METERS,-70.105261,ME
121.9,2009-02-01,2012-03-27,44.10682,"BRIDGTON 2.9 NNE, ME US",0.7485,GHCND:US1MECM0012,METERS,-70.704163,ME
62.5,2009-08-01,2018-11-12,43.83237,"FREEPORT 2.0 SSW, ME US",1.0,GHCND:US1MECM0013,METERS,-70.119966,ME
38.7,2009-08-01,2025-12-18,43.866833,"FREEPORT 2.6 WNW, ME US",1.0,GHCND:US1MECM0015,METERS,-70.150667,ME
43.3,2009-09-01,2012-06-05,43.8534701,"FREEPORT 0.5 WSW, ME US",0.8242,GHCND:US1MECM0016,METERS,-70.1084733,ME
25.6,2008-09-01,2010-07-26,43.755839,"YARMOUTH 4.4 SE, ME US",0.9925,GHCND:US1MECM0017,METERS,-70.132252,ME
19.2,2009-08-01,2025-12-25,43.702877,"PORTLAND 5.5 WNW, ME US",1.0,GHCND:US1MECM0018,METERS,-70.305483,ME
69.8,2009-08-01,2016-07-15,43.6711,"GORHAM 0.7 SSE, ME US",1.0,GHCND:US1MECM0020,METERS,-70.440961,ME
61.9,2009-08-01,2013-03-03,43.78535,"NORTH WINDHAM 4.4 SE, ME US",1.0,GHCND:US1MECM0023,METERS,-70.3575,ME
117.3,2009-10-01,2011-01-19,44.028694,"AUBURN 5.1 SW, ME US",1.0,GHCND:US1MECM0027,METERS,-70.317536,ME
15.5,2010-07-01,2011-06-06,43.6667,"PEAKS ISLAND 0.6 NE, ME US",0.9925,GHCND:US1MECM0030,METERS,-70.1888,ME
24.4,2009-12-01,2015-04-30,43.7011,"PORTLAND 4.3 WNW, ME US",0.3695,GHCND:US1MECM0031,METERS,-70.2789,ME
9.8,2010-03-01,2011-08-25,43.821689,"FREEPORT 3.3 SE, ME US",0.998,GHCND:US1MECM0032,METERS,-70.055257,ME
93.9,2009-12-01,2016-09-23,43.888495,"GRAY 1.7 ENE, ME US",1.0,GHCND:US1MECM0037,METERS,-70.294423,ME
25.9,2010-01-01,2014-07-29,43.786597,"CUMBERLAND CENTER 1.0 SSW, ME US",0.6913,GHCND:US1MECM0039,METERS,-70.259267,ME
91.7,2009-12-01,2010-08-27,43.737,"STANDISH 1.8 W, ME US",1.0,GHCND:US1MECM0042,METERS,-70.5887,ME
23.8,2009-12-01,2010-04-14,43.6758,"PORTLAND 4.8 W, ME US",1.0,GHCND:US1MECM0043,METERS,-70.3028,ME
133.5,2009-12-01,2012-09-19,43.7465832,"STANDISH 1.1 NW, ME US",0.8528,GHCND:US1MECM0048,METERS,-70.5674589,ME
29.6,2010-05-01,2011-01-05,43.657,"PORTLAND 1.0 SE, ME US",0.9925,GHCND:US1MECM0053,METERS,-70.193,ME
99.7,2010-05-01,2016-03-05,43.99245,"NAPLES 2.6 NE, ME US",0.9996,GHCND:US1MECM0055,METERS,-70.566136,ME
84.1,2010-05-01,2018-03-05,43.804527,"CUMBERLAND CENTER 3.7 W, ME US",0.9996,GHCND:US1MECM0056,METERS,-70.326845,ME
35.1,2010-06-01,2020-01-13,43.852285,"FREEPORT 0.3 S, ME US",0.8998,GHCND:US1MECM0057,METERS,-70.100747,ME
47.5,2010-12-01,2019-02-17,43.74847,"WEST FALMOUTH 0.1 NNW, ME US",0.9688,GHCND:US1MECM0060,METERS,-70.30454,ME
25.3,2010-11-01,2013-10-16,43.6728526,"WESTBROOK 1.6 SSW, ME US",0.8331,GHCND:US1MECM0063,METERS,-70.365862,ME
9.4,2010-11-01,2014-09-03,43.69667,"CLIFF ISLAND 0.2 E, ME US",0.8301,GHCND:US1MECM0073,METERS,-70.10404,ME
39.9,2010-09-01,2012-06-01,43.728817,"CHEBEAGUE ISLAND 1.2 SW, ME US",0.8189,GHCND:US1MECM0078,METERS,-70.128033,ME
21.3,2011-02-01,2017-10-27,43.6848527,"LONG ISLAND 0.5 E, ME US",0.7585,GHCND:US1MECM0081,METERS,-70.1621667,ME
2.7,2011-03-01,2011-06-17,43.5587,"SCARBOROUGH 3.0 SSE, ME US",1.0,GHCND:US1MECM0083,METERS,-70.307,ME
51.5,2011-08-01,2025-12-01,43.917443,"NEW GLOUCESTER 3.7 SE, ME US",0.4508,GHCND:US1MECM0085,METERS,-70.244087,ME
57.0,2011-09-01,2025-12-24,43.8537,"POWNAL 4.1 S, ME US",1.0,GHCND:US1MECM0086,METERS,-70.1721,ME
76.8,2012-05-01,2015-12-30,43.6762749,"GORHAM 0.8 WSW, ME US",1.0,GHCND:US1MECM0089,METERS,-70.460446,ME
68.0,2012-10-01,2023-05-01,43.7388,"WESTBROOK 3.1 N, ME US",0.7567,GHCND:US1MECM0091,METERS,-70.361,ME
19.2,2013-02-01,2021-09-02,43.7977981567383,"YARMOUTH 1.0 E, ME US",0.8617,GHCND:US1MECM0093,METERS,-70.1799850463867,ME
86.6,2013-08-01,2025-12-25,43.88,"SEBAGO 2.4 ESE, ME US",1.0,GHCND:US1MECM0098,METERS,-70.63,ME
21.9,2014-05-01,2016-01-31,43.6186925321817,"SOUTH PORTLAND 1.5 SW, ME US",0.998,GHCND:US1MECM0105,METERS,-70.3072529286146,ME
85.6,2015-07-01,2019-09-26,44.113151,"HARRISON 0.3 NW, ME US",0.9961,GHCND:US1MECM0110,METERS,-70.684172,ME
17.7,2016-06-08,2025-06-22,43.800727,"YARMOUTH 1.8 E, ME US",0.3428,GHCND:US1MECM0114,METERS,-70.165461,ME
52.4,2016-06-01,2017-08-12,43.681158,"GORHAM 0.8 E, ME US",1.0,GHCND:US1MECM0116,METERS,-70.429818,ME
21.9,2017-10-16,2019-12-09,43.68476,"LONG ISLAND 0.5 E, ME US",0.9819,GHCND:US1MECM0124,METERS,-70.162226,ME
124.1,2018-03-29,2025-12-25,43.8464,"GRAY 2.9 SSE, ME US",0.9997,GHCND:US1MECM0125,METERS,-70.3134,ME
12.5,2018-07-18,2025-12-24,43.609,"SOUTH PORTLAND 1.6 S, ME US",0.9871,GHCND:US1MECM0128,METERS,-70.286,ME
28.7,2018-08-18,2025-06-17,43.700591,"PORTLAND 5.0 WNW, ME US",0.129,GHCND:US1MECM0129,METERS,-70.295207,ME
79.9,2018-09-19,2020-01-20,43.911689,"GRAY 1.9 NNE, ME US",0.3456,GHCND:US1MECM0130,METERS,-70.322615,ME
112.8,2016-07-19,2024-10-26,43.71756,"STANDISH 1.3 SSW, ME US",0.865,GHCND:US1MECM0133,METERS,-70.559235,ME
83.5,2020-02-14,2023-10-31,43.900062,"GRAY 1.5 NE, ME US",0.9506,GHCND:US1MECM0137,METERS,-70.309039,ME
55.5,2020-05-21,2025-12-25,43.87733,"FREEPORT 3.0 ENE, ME US",0.9848,GHCND:US1MECM0138,METERS,-70.0465,ME
141.7,2020-05-29,2024-11-29,44.037233,"BRIDGTON 2.2 SSE, ME US",0.5184,GHCND:US1MECM0139,METERS,-70.7063,ME
38.1,2020-10-01,2025-12-25,43.7201,"PORTLAND 5.4 NW, ME US",0.9247,GHCND:US1MECM0143,METERS,-70.2871,ME
7.3,2021-01-01,2025-12-23,43.5762,"CAPE ELIZABETH 1.0 NNW, ME US",0.454,GHCND:US1MECM0145,METERS,-70.2105,ME
10.7,2021-02-28,2025-12-25,43.7702527,"HARPSWELL 3.1 WSW, ME US",0.9671,GHCND:US1MECM0148,METERS,-70.0184185,ME
117.7,2021-03-19,2025-12-01,43.7414555294118,"FALMOUTH 3.8 W, ME US",0.395,GHCND:US1MECM0150,METERS,-70.3357135367513,ME
17.4,2022-07-01,2022-11-28,43.56506,"CAPE ELIZABETH 0.1 N, ME US",0.9947,GHCND:US1MECM0155,METERS,-70.2005,ME
99.7,2022-06-30,2025-12-20,43.89639,"RAYMOND 0.7 ESE, ME US",0.5193,GHCND:US1MECM0156,METERS,-70.45593,ME
93.6,2022-07-21,2025-12-25,43.80133,"NORTH WINDHAM 1.4 S, ME US",0.7464,GHCND:US1MECM0157,METERS,-70.42808,ME
4.3,2022-11-01,2025-11-21,43.6104,"CAPE ELIZABETH 3.2 N, ME US",0.4405,GHCND:US1MECM0160,METERS,-70.21306,ME
24.4,2022-10-29,2025-10-21,43.9101625,"BRUNSWICK 2.1 W, ME US",1.0,GHCND:US1MECM0161,METERS,-69.9798196,ME
29.0,2023-05-22,2025-12-24,43.84385,"NORTH YARMOUTH 1.0 SSE, ME US",0.9947,GHCND:US1MECM0162,METERS,-70.23173,ME
69.8,2023-08-01,2025-12-25,43.6748073,"GORHAM 0.5 SSE, ME US",0.9634,GHCND:US1MECM0164,METERS,-70.4419513,ME
12.8,2023-11-11,2025-12-25,43.65966,"PORTLAND 4.3 W, ME US",0.8531,GHCND:US1MECM0165,METERS,-70.29266,ME
373.1,2009-08-01,2025-06-30,44.68329,"TEMPLE 1.8 W, ME US",1.0,GHCND:US1MEFR0002,METERS,-70.264179,ME
119.5,2009-08-01,2025-12-25,44.665824,"NEW SHARON 2.0 NW, ME US",1.0,GHCND:US1MEFR0004,METERS,-70.027181,ME
469.1,2009-12-01,2013-05-01,44.9670656,"RANGELEY 0.1 NW, ME US",1.0,GHCND:US1MEFR0007,METERS,-70.6440159,ME
103.6,2010-12-01,2012-10-22,44.6213459,"FARMINGTON 5.2 SE, ME US",0.9987,GHCND:US1MEFR0012,METERS,-70.0641878,ME
193.5,2016-08-19,2017-03-02,44.848416,"FREEMAN TWP 1.0 SSE, ME US",0.998,GHCND:US1MEFR0018,METERS,-70.250176,ME
121.9,2017-10-20,2019-08-03,44.663239,"FARMINGTON 0.6 SW, ME US",0.8438,GHCND:US1MEFR0020,METERS,-70.156689,ME
185.9,2019-08-04,2025-12-01,44.733964,"FARMINGTON 4.8 NNW, ME US",0.8512,GHCND:US1MEFR0022,METERS,-70.180071,ME
187.8,2019-09-11,2025-12-25,44.7169,"FARMINGTON 4.2 NW, ME US",0.7981,GHCND:US1MEFR0023,METERS,-70.1967,ME
120.7,2020-07-11,2024-06-15,44.6768027,"NEW SHARON 3.0 NNE, ME US",0.163,GHCND:US1MEFR0025,METERS,-69.9879736,ME
203.6,2022-12-01,2024-11-25,44.724236,"FARMINGTON 3.9 N, ME US",0.7812,GHCND:US1MEFR0026,METERS,-70.15934,ME
239.6,2024-05-07,2025-12-24,45.0520075,"CARRABASSETT 1.9 SSE, ME US",0.8978,GHCND:US1MEFR0028,METERS,-70.1997584,ME
14.9,2009-10-01,2016-01-21,44.501448,"HANCOCK 2.5 SE, ME US",0.9997,GHCND:US1MEHN0001,METERS,-68.220796,ME
29.9,2009-07-01,2025-12-25,44.493673,"EAST SURRY, ME US",0.9998,GHCND:US1MEHN0002,METERS,-68.45775,ME
,2009-08-01,2025-12-24,44.2517,"SOUTHWEST HARBOR 2.6 SE, ME US",1.0,GHCND:US1MEHN0003,,-68.2945,ME
32.9,2009-11-01,2025-12-24,44.718103,"MARIAVILLE 1.4 ESE, ME US",1.0,GHCND:US1MEHN0004,METERS,-68.388139,ME
53.9,2009-12-01,2023-10-08,44.637419,"ELLSWORTH 7.4 NW, ME US",1.0,GHCND:US1MEHN0007,METERS,-68.491978,ME
29.9,2002-06-01,2025-12-25,44.2806611,"BROOKLIN 2.5 NW, ME US",0.4698,GHCND:US1MEHN0008,METERS,-68.6162502,ME
35.1,2010-05-01,2025-10-08,44.224591,"DEER ISLE 0.5 E, ME US",0.998,GHCND:US1MEHN0011,METERS,-68.666626,ME
5.5,2010-05-01,2021-06-27,44.413599,"BLUE HILL 0.1 WSW, ME US",0.7936,GHCND:US1MEHN0012,METERS,-68.587335,ME
14.3,2010-05-01,2011-08-16,44.4125047,"PROSPECT HARBOR 1.5 E, ME US",0.9947,GHCND:US1MEHN0014,METERS,-67.9978867,ME
50.9,2010-07-01,2023-06-23,44.64628333,"ELLSWORTH 8.2 NNW, ME US",0.9996,GHCND:US1MEHN0017,METERS,-68.50273333,ME
67.7,2010-07-01,2013-10-31,44.672667,"DEDHAM 6.5 SSE, ME US",0.774,GHCND:US1MEHN0018,METERS,-68.533919,ME
77.4,2010-07-01,2011-10-09,44.67228333,"DEDHAM 6.1 ESE, ME US",0.9925,GHCND:US1MEHN0019,METERS,-68.5402,ME
50.6,2010-08-01,2024-02-11,44.650278,"ELLSWORTH 4.5 N, ME US",0.794,GHCND:US1MEHN0020,METERS,-68.499236,ME
77.7,2010-08-01,2023-10-02,44.64703333,"ELLSWORTH 4.6 NNE, ME US",0.6029,GHCND:US1MEHN0021,METERS,-68.45741667,ME
21.6,2011-01-01,2012-06-12,44.1177,"FRENCHBORO 0.1 ESE, ME US",0.8903,GHCND:US1MEHN0022,METERS,-68.3606,ME
31.1,2010-10-01,2012-06-14,44.5180409,"ELLSWORTH 6.3 SE, ME US",1.0,GHCND:US1MEHN0023,METERS,-68.410923,ME
12.2,2011-02-01,2025-01-07,44.23945,"BROOKLIN 2.8 SE, ME US",1.0,GHCND:US1MEHN0026,METERS,-68.52774,ME
20.1,2011-09-01,2012-12-04,44.4139014,"BLUE HILL 0.2 W, ME US",0.998,GHCND:US1MEHN0027,METERS,-68.5906222,ME
67.4,2011-10-01,2021-02-20,44.67195,"DEDHAM 6.1 ESE, ME US",0.9998,GHCND:US1MEHN0028,METERS,-68.54121667,ME
108.5,2012-06-01,2016-08-17,44.541088104248,"ELLSWORTH 3.1 S, ME US",0.6415,GHCND:US1MEHN0032,METERS,-68.5050964355469,ME
5.2,2013-03-01,2014-02-09,44.4343948364258,"SURRY 4.5 SSE, ME US",1.0,GHCND:US1MEHN0036,METERS,-68.4751434326172,ME
39.6,2013-03-01,2014-11-08,44.554657,"SULLIVAN 4.0 NE, ME US",1.0,GHCND:US1MEHN0040,METERS,-68.130373,ME
45.1,2013-05-01,2025-11-24,44.64983333,"BUCKSPORT 3.3 NNW, ME US",0.9422,GHCND:US1MEHN0042,METERS,-68.82333333,ME
31.4,2015-06-14,2019-11-25,44.478081,"HANCOCK 3.6 SSE, ME US",0.2724,GHCND:US1MEHN0047,METERS,-68.239131,ME
21.6,2015-08-01,2017-07-15,44.28182,"SOUTHWEST HARBOR 0.3 NW, ME US",0.998,GHCND:US1MEHN0048,METERS,-68.32943,ME
20.7,2016-12-08,2020-01-13,44.499385,"SURRY 0.3 N, ME US",0.4672,GHCND:US1MEHN0053,METERS,-68.503508,ME
78.0,2017-05-01,2018-01-29,44.524454,"SURRY 2.2 NNW, ME US",0.7424,GHCND:US1MEHN0055,METERS,-68.524298,ME
52.4,2017-11-24,2025-12-20,44.4614,"SURRY 2.5 SSE, ME US",0.7341,GHCND:US1MEHN0056,METERS,-68.4869,ME
34.1,2018-05-20,2020-05-26,44.58545,"ELLSWORTH 2.9 E, ME US",0.9993,GHCND:US1MEHN0057,METERS,-68.437577,ME
30.8,2018-09-26,2025-11-12,44.49426,"SULLIVAN 2.4 SSE, ME US",0.6392,GHCND:US1MEHN0058,METERS,-68.13693,ME
21.6,2020-07-11,2023-10-08,44.301506,"SARGENTVILLE 0.1 W, ME US",0.1122,GHCND:US1MEHN0062,METERS,-68.674437,ME
7.0,2020-09-10,2025-01-20,44.403879,"SURRY 6.7 SSE, ME US",0.7321,GHCND:US1MEHN0063,METERS,-68.461304,ME
30.2,2020-10-26,2025-12-24,44.28867,"SOUTHWEST HARBOR 0.9 NW, ME US",0.7259,GHCND:US1MEHN0064,METERS,-68.3377,ME
13.1,2021-04-27,2024-09-30,44.456794,"LAMOINE 2.6 SSW, ME US",0.5004,GHCND:US1MEHN0066,METERS,-68.328452,ME
113.1,2021-06-01,2023-09-28,44.6766324,"DEDHAM 5.7 ESE, ME US",0.5625,GHCND:US1MEHN0067,METERS,-68.5442522,ME
19.5,2023-03-26,2025-12-25,44.2543676454205,"SOUTHWEST HARBOR 2.2 SE, ME US",0.5795,GHCND:US1MEHN0068,METERS,-68.2977123308146,ME
20.1,2023-10-08,2025-12-24,44.3645,"MOUNT DESERT 2.3 NE, ME US",0.576,GHCND:US1MEHN0069,METERS,-68.3079,ME
82.9,2009-07-01,2013-06-08,44.479427,"SIDNEY 4.6 N, ME US",0.8125,GHCND:US1MEKB0002,METERS,-69.730359,ME
109.4,2009-10-01,2015-02-09,44.4638302,"MOUNT VERNON 2.9 SW, ME US",1.0,GHCND:US1MEKB0004,METERS,-70.0146959,ME
42.4,2009-09-01,2025-12-25,44.535792,"WINSLOW 1.2 SSE, ME US",1.0,GHCND:US1MEKB0006,METERS,-69.602865,ME
30.5,2009-09-01,2013-03-07,44.370803,"VASSALBORO 8.6 SSE, ME US",1.0,GHCND:US1MEKB0008,METERS,-69.630754,ME
115.8,2009-12-01,2025-12-25,44.3024727,"WAYNE 3.2 SSE, ME US",1.0,GHCND:US1MEKB0010,METERS,-70.0554619,ME
76.2,2010-01-01,2010-11-23,44.2172419,"WEST GARDINER 3.4 ESE, ME US",1.0,GHCND:US1MEKB0014,METERS,-69.8150462,ME
50.0,2010-02-01,2025-12-24,44.321647,"AUGUSTA 1.5 WSW, ME US",0.96,GHCND:US1MEKB0016,METERS,-69.757411,ME
62.5,2010-03-01,2015-07-14,44.3055,"AUGUSTA 2.3 SW, ME US",0.9228,GHCND:US1MEKB0017,METERS,-69.76,ME
111.3,2010-12-01,2015-10-01,44.5798698,"WATERVILLE 2.5 NNE, ME US",0.5762,GHCND:US1MEKB0020,METERS,-69.6462839,ME
103.9,2010-11-01,2016-01-11,44.325632,"WINTHROP 0.9 NNW, ME US",0.9819,GHCND:US1MEKB0022,METERS,-69.974057,ME
87.8,2011-06-01,2021-03-13,44.449852,"SIDNEY 2.6 NNW, ME US",0.9996,GHCND:US1MEKB0025,METERS,-69.738428,ME
108.8,2015-06-01,2022-02-14,44.304563,"WINTHROP 1.8 WSW, ME US",0.9939,GHCND:US1MEKB0041,METERS,-70.002747,ME
100.0,2016-02-19,2022-08-05,44.382429,"WINTHROP 5.8 NE, ME US",0.4822,GHCND:US1MEKB0044,METERS,-69.900503,ME
101.2,2016-06-24,2017-12-01,44.38857,"FAYETTE 1.4 S, ME US",0.9173,GHCND:US1MEKB0045,METERS,-70.032217,ME
102.4,2016-12-12,2025-12-07,44.312812,"WINDSOR 1.1 W, ME US",0.9993,GHCND:US1MEKB0047,METERS,-69.603041,ME
61.0,2019-01-17,2019-07-21,44.32113,"AUGUSTA 2.6 WSW, ME US",0.8602,GHCND:US1MEKB0050,METERS,-69.78157,ME
39.9,2019-06-24,2025-12-19,44.5404055,"WATERVILLE 1.1 ESE, ME US",0.8393,GHCND:US1MEKB0051,METERS,-69.6403044,ME
44.8,2020-04-22,2024-04-13,44.642,"CLINTON 0.5 WSW, ME US",0.9431,GHCND:US1MEKB0052,METERS,-69.4963,ME
166.1,2020-07-26,2025-12-25,44.4162,"READFIELD 2.0 NNE, ME US",1.0,GHCND:US1MEKB0053,METERS,-69.9519,ME
65.5,2022-02-09,2025-12-25,44.330085,"MANCHESTER 0.5 NE, ME US",0.9993,GHCND:US1MEKB0055,METERS,-69.856352,ME
104.5,2024-04-01,2025-12-21,44.39704,"SOUTH CHINA 1.3 W, ME US",0.9496,GHCND:US1MEKB0056,METERS,-69.596851,ME
18.3,2009-12-01,2025-07-20,44.183903,"ROCKPORT 0.1 SW, ME US",1.0,GHCND:US1MEKX0001,METERS,-69.078577,ME
45.1,2009-12-01,2025-12-25,44.15192,"ROCKPORT 2.8 SW, ME US",1.0,GHCND:US1MEKX0005,METERS,-69.11159,ME
167.3,2010-12-01,2025-12-25,44.24435,"UNION 3.0 NW, ME US",1.0,GHCND:US1MEKX0006,METERS,-69.315389,ME
29.0,2010-12-01,2016-07-03,44.208578,"CAMDEN 0.4 SSW, ME US",0.8281,GHCND:US1MEKX0007,METERS,-69.073381,ME
18.9,2010-11-01,2019-04-26,44.149769,"NORTH HAVEN 1.4 N, ME US",0.8617,GHCND:US1MEKX0008,METERS,-68.876047,ME
52.4,2012-04-01,2025-12-25,44.2369256168604,"UNION 2.1 NNE, ME US",1.0,GHCND:US1MEKX0010,METERS,-69.2717143893242,ME
98.8,2014-03-01,2025-12-25,44.213204,"UNION 3.0 W, ME US",0.9986,GHCND:US1MEKX0012,METERS,-69.341576,ME
80.2,2015-04-01,2016-11-12,44.271613,"WASHINGTON 0.4 ESE, ME US",0.998,GHCND:US1MEKX0014,METERS,-69.361196,ME
58.2,2018-01-31,2018-11-21,44.0865,"OWLS HEAD 1.0 WNW, ME US",1.0,GHCND:US1MEKX0017,METERS,-69.0757,ME
40.2,2019-11-18,2025-12-17,44.1254,"ROCKLAND 1.4 E, ME US",0.9073,GHCND:US1MEKX0018,METERS,-69.1028,ME
20.7,2021-11-09,2025-03-26,43.996913,"SOUTH THOMASTON 3.7 S, ME US",0.1953,GHCND:US1MEKX0020,METERS,-69.117419,ME
6.1,2022-07-15,2022-12-04,44.1451109,"NORTH HAVEN 0.9 N, ME US",0.998,GHCND:US1MEKX0021,METERS,-68.8722242,ME
30.5,2022-12-23,2025-12-25,44.21422,"CAMDEN 0.2 W, ME US",0.9809,GHCND:US1MEKX0023,METERS,-69.07342,ME
11.9,2022-12-01,2023-12-04,44.12982,"NORTH HAVEN 0.4 ESE, ME US",0.9173,GHCND:US1MEKX0024,METERS,-68.869328,ME
37.5,2023-05-20,2025-12-25,44.21712,"CAMDEN 0.6 NE, ME US",0.8233,GHCND:US1MEKX0025,METERS,-69.05764,ME
26.8,2009-07-01,2025-08-23,44.027672,"NEWCASTLE 2.1 SW, ME US",0.9998,GHCND:US1MELN0001,METERS,-69.568607,ME
78.6,2009-08-01,2011-04-06,44.2493,"JEFFERSON 4.4 NW, ME US",1.0,GHCND:US1MELN0003,METERS,-69.51706,ME
51.2,2009-08-01,2025-12-23,44.105403,"DRESDEN 1.5 NW, ME US",1.0,GHCND:US1MELN0004,METERS,-69.740637,ME
22.3,2009-08-01,2017-01-08,43.9378,"ROUND POND 0.7 SSW, ME US",1.0,GHCND:US1MELN0005,METERS,-69.4636,ME
32.3,2009-12-01,2019-06-20,44.07024175,"DRESDEN 2.3 SW, ME US",0.9343,GHCND:US1MELN0008,METERS,-69.75558818,ME
39.0,2009-12-01,2016-02-25,43.9700681,"WESTPORT ISLAND 2.9 NE, ME US",0.987,GHCND:US1MELN0012,METERS,-69.6694257,ME
64.3,2004-03-20,2025-12-25,44.114819,"WALDOBORO 1.5 NNE, ME US",0.8294,GHCND:US1MELN0013,METERS,-69.366445,ME
57.9,2010-03-01,2020-11-16,44.203667,"WHITEFIELD 2.4 NNE, ME US",0.7424,GHCND:US1MELN0014,METERS,-69.612768,ME
18.0,2010-04-01,2015-01-03,43.878188,"WISCASSET 9.6 SSW, ME US",0.8785,GHCND:US1MELN0016,METERS,-69.722351,ME
72.5,2012-04-01,2012-10-31,44.142219543457,"WALDOBORO 3.2 N, ME US",0.9956,GHCND:US1MELN0020,METERS,-69.3707656860352,ME
25.0,2013-10-01,2020-12-17,43.88806,"WESTPORT ISLAND 2.2 SSW, ME US",1.0,GHCND:US1MELN0021,METERS,-69.70889,ME
14.6,2016-01-20,2025-12-15,43.887802,"TREVETT 0.3 NE, ME US",0.4099,GHCND:US1MELN0026,METERS,-69.669032,ME
20.4,2018-04-09,2025-11-17,43.840527,"PEMAQUID POINT 0.3 E, ME US",0.6615,GHCND:US1MELN0027,METERS,-69.502774,ME
24.7,2020-08-06,2021-05-05,44.028794,"DAMARISCOTTA NEWCASTLE 0.7 W, ME US",0.7656,GHCND:US1MELN0028,METERS,-69.543788,ME
152.4,2009-07-01,2011-10-14,44.392086,"SUMNER 1.0 E, ME US",0.6423,GHCND:US1MEOX0001,METERS,-70.417651,ME
165.8,2009-08-01,2025-04-05,44.39318334,"HARTFORD 1.4 N, ME US",1.0,GHCND:US1MEOX0002,METERS,-70.34755385,ME
153.3,2009-08-01,2010-05-25,44.4112731,"HARTFORD 3.0 NE, ME US",1.0,GHCND:US1MEOX0004,METERS,-70.32164694,ME
334.7,2009-12-01,2013-01-05,44.301653,"NORWAY 11.5 WNW, ME US",0.9725,GHCND:US1MEOX0007,METERS,-70.74643,ME
105.5,2010-03-01,2014-10-08,44.1616,"OXFORD 2.2 NE, ME US",0.9991,GHCND:US1MEOX0010,METERS,-70.4755,ME
228.6,2012-07-01,2025-11-10,44.377379,"BETHEL 1.9 SSW, ME US",0.6829,GHCND:US1MEOX0014,METERS,-70.801659,ME
204.8,2014-03-01,2018-01-23,44.42106667,"BETHEL 2.4 WNW, ME US",0.9986,GHCND:US1MEOX0019,METERS,-70.83268333,ME
115.8,2014-10-01,2016-01-13,44.214322,"NORWAY 0.5 E, ME US",0.9356,GHCND:US1MEOX0021,METERS,-70.540544,ME
139.3,2015-12-30,2018-09-30,44.541005,"DIXFIELD 0.2 NNE, ME US",0.9819,GHCND:US1MEOX0024,METERS,-70.451694,ME
223.7,1998-06-17,2018-10-17,44.46776,"NEWRY 2.7 WSW, ME US",0.5876,GHCND:US1MEOX0025,METERS,-70.835204,ME
198.1,2019-08-21,2021-11-22,44.13489,"OXFORD 2.1 W, ME US",0.8108,GHCND:US1MEOX0028,METERS,-70.54943,ME
201.8,2019-11-11,2023-11-28,44.4084,"SUMNER 1.1 N, ME US",0.8993,GHCND:US1MEOX0029,METERS,-70.4401,ME
263.3,2019-11-06,2022-08-27,44.397233,"BETHEL 0.8 SE, ME US",1.0,GHCND:US1MEOX0030,METERS,-70.77801,ME
287.4,2020-05-18,2024-10-07,44.641568,"ANDOVER 3.8 W, ME US",0.7083,GHCND:US1MEOX0034,METERS,-70.827823,ME
195.7,2020-05-07,2025-10-31,43.833953,"PORTER 2.6 N, ME US",0.3518,GHCND:US1MEOX0035,METERS,-70.938297,ME
118.0,2021-03-31,2021-12-20,44.109561,"OTISFIELD 2.8 WNW, ME US",0.9434,GHCND:US1MEOX0037,METERS,-70.598,ME
98.1,2009-08-01,2011-08-28,44.9330583887801,"CORINTH 4.7 SSW, ME US",0.7199,GHCND:US1MEPN0001,METERS,-69.051947593689,ME
36.3,2009-08-01,2012-10-31,44.88738,"ORONO 5.2 W, ME US",0.8711,GHCND:US1MEPN0005,METERS,-68.78822,ME
215.8,2010-04-01,2012-10-29,46.002544,"PATTEN 2.9 WNW, ME US",0.9663,GHCND:US1MEPN0006,METERS,-68.506333,ME
37.8,2009-09-01,2015-02-15,45.0414,"ARGYLE 0.9 S, ME US",1.0,GHCND:US1MEPN0007,METERS,-68.67,ME
110.3,2010-01-01,2010-10-30,44.910695,"STETSON 2.0 NE, ME US",1.0,GHCND:US1MEPN0009,METERS,-69.112655,ME
105.8,2010-04-01,2025-12-25,45.406727,"LINCOLN 4.3 NE, ME US",0.9998,GHCND:US1MEPN0010,METERS,-68.435891,ME
146.0,2014-05-01,2020-01-11,44.8000165075064,"ETNA 3.2 WSW, ME US",0.9987,GHCND:US1MEPN0026,METERS,-69.1683608293533,ME
43.9,1998-06-01,2020-05-12,44.93543,"OLD TOWN 4.1 ESE, ME US",0.3382,GHCND:US1MEPN0030,METERS,-68.65845,ME
72.2,2014-03-01,2016-04-25,44.8199077695608,"NEWPORT 2.6 ESE, ME US",0.9986,GHCND:US1MEPN0032,METERS,-69.2174915224314,ME
24.1,2015-09-01,2020-10-21,44.88482,"ORONO 1.0 E, ME US",1.0,GHCND:US1MEPN0037,METERS,-68.662713,ME
63.4,2017-06-16,2025-10-12,45.24416,"WEST ENFIELD COLD STREAM POND, ME US",0.9819,GHCND:US1MEPN0042,METERS,-68.554868,ME
30.5,2017-07-01,2025-09-10,44.892619,"ORONO 0.9 NE, ME US",0.584,GHCND:US1MEPN0043,METERS,-68.669036,ME
123.7,2018-03-14,2020-03-17,45.650028,"MILLINOCKET 2.7 ESE, ME US",1.0,GHCND:US1MEPN0045,METERS,-68.644722,ME
37.2,2018-07-26,2025-12-25,44.94108,"MILFORD 0.8 SSW, ME US",1.0,GHCND:US1MEPN0047,METERS,-68.64154,ME
102.1,2018-08-01,2021-09-27,45.211497,"LOWELL 0.1 SW, ME US",0.3649,GHCND:US1MEPN0048,METERS,-68.474963,ME
96.9,2018-12-14,2025-12-25,44.8107147,"HERMON 1.2 W, ME US",0.9155,GHCND:US1MEPN0051,METERS,-68.9385492,ME
64.6,2018-12-27,2023-12-02,44.86241,"BANGOR 2.1 N, ME US",0.6007,GHCND:US1MEPN0052,METERS,-68.791331,ME
41.5,2019-05-19,2025-11-11,44.8925,"ORONO 0.6 N, ME US",0.4213,GHCND:US1MEPN0054,METERS,-68.6833,ME
81.4,2019-08-01,2025-12-24,44.87005,"ORONO 1.1 SSW, ME US",0.9611,GHCND:US1MEPN0055,METERS,-68.694467,ME
37.5,2020-05-28,2025-12-25,44.9847,"HUDSON 2.4 ESE, ME US",1.0,GHCND:US1MEPN0058,METERS,-68.8375,ME
47.9,2020-06-21,2025-10-14,44.924201,"GLENBURN 1.5 ENE, ME US",0.9986,GHCND:US1MEPN0059,METERS,-68.81758,ME
55.8,2020-10-01,2025-12-25,44.88412,"ORONO 0.1 ENE, ME US",0.5821,GHCND:US1MEPN0060,METERS,-68.68114,ME
46.9,2020-12-01,2024-05-30,44.820798,"BANGOR 1.7 ESE, ME US",0.8768,GHCND:US1MEPN0061,METERS,-68.7567744,ME
42.4,2022-05-01,2025-12-24,44.9070947,"GLENBURN 2.0 ESE, ME US",0.7105,GHCND:US1MEPN0062,METERS,-68.8083018,ME
324.9,1998-06-01,2017-08-09,45.893542,"MILLINOCKET 23.4 NW, ME US",0.2623,GHCND:US1MEPS0003,METERS,-69.048603,ME
358.1,2013-03-01,2016-05-03,45.4578617960215,"GREENVILLE 0.7 SE, ME US",0.9307,GHCND:US1MEPS0005,METERS,-69.5841179788113,ME
219.8,2015-08-01,2025-12-24,45.218051,"ABBOT 4.6 WNW, ME US",0.998,GHCND:US1MEPS0009,METERS,-69.547912,ME
13.7,2010-02-01,2017-12-09,43.752768,"PHIPPSBURG 4.8 S, ME US",0.7978,GHCND:US1MESG0006,METERS,-69.804929,ME
5.8,2010-03-01,2011-01-05,43.8534174,"GEORGETOWN 3.0 N, ME US",0.9935,GHCND:US1MESG0008,METERS,-69.74322554,ME
6.1,2010-05-01,2018-09-26,43.879701,"BATH 4.2 SSW, ME US",0.7284,GHCND:US1MESG0009,METERS,-69.859008,ME
7.9,2014-08-01,2014-12-01,43.879,"BATH 4.1 S, ME US",1.0,GHCND:US1MESG0014,METERS,-69.8231998333333,ME
46.3,2014-11-26,2017-09-12,43.954187,"TOPSHAM 1.4 N, ME US",0.1047,GHCND:US1MESG0015,METERS,-69.949192,ME
2.1,2016-03-29,2025-12-25,43.9654846191406,"TOPSHAM 3.7 NE, ME US",0.9992,GHCND:US1MESG0016,METERS,-69.8855590820313,ME
45.1,2000-06-23,2019-05-02,43.9309768676758,"TOPSHAM 1.3 WSW, ME US",0.9819,GHCND:US1MESG0017,METERS,-69.9712448120117,ME
53.6,2019-05-14,2025-12-25,44.009638,"TOPSHAM 5.2 N, ME US",0.2366,GHCND:US1MESG0018,METERS,-69.947821,ME
20.1,2020-09-28,2025-12-01,43.856217,"WEST BATH 1.4 SSE, ME US",0.5838,GHCND:US1MESG0021,METERS,-69.850893,ME
71.9,2009-08-01,2017-10-30,44.783118,"MADISON 1.1 SSE, ME US",0.8483,GHCND:US1MESM0001,METERS,-69.865076,ME
199.0,2009-08-01,2010-06-07,45.042267,"BINGHAM 9.5 W, ME US",1.0,GHCND:US1MESM0002,METERS,-70.071533,ME
118.6,1998-06-01,2025-12-25,44.871801,"PALMYRA 3.5 NW, ME US",0.9844,GHCND:US1MESM0003,METERS,-69.419524,ME
251.5,2009-12-01,2025-12-15,44.9470465,"SOLON 3.9 ESE, ME US",0.9869,GHCND:US1MESM0004,METERS,-69.7779439,ME
117.0,2009-12-01,2010-05-03,44.93366,"SOLON 1.5 SE, ME US",1.0,GHCND:US1MESM0007,METERS,-69.83904,ME
399.0,2009-12-01,2016-10-24,45.1633,"BINGHAM 13.5 WNW, ME US",0.3979,GHCND:US1MESM0008,METERS,-70.1133,ME
120.1,2010-04-01,2025-12-25,44.923537,"NORTH NEW PORTLAND 0.3 WSW, ME US",0.8744,GHCND:US1MESM0010,METERS,-70.027881,ME
188.7,2010-04-01,2014-12-05,45.05304,"NEW PORTLAND 11.8 N, ME US",0.9994,GHCND:US1MESM0011,METERS,-70.0835259,ME
117.0,2011-04-01,2025-12-21,44.932561,"HARMONY 3.0 SSE, ME US",0.5975,GHCND:US1MESM0017,METERS,-69.5608367,ME
114.3,2013-04-01,2013-11-08,44.896447,"SOLON 3.7 S, ME US",0.998,GHCND:US1MESM0021,METERS,-69.846103,ME
81.7,2013-12-01,2016-03-17,44.7518909722567,"SKOWHEGAN 1.8 SSW, ME US",0.5359,GHCND:US1MESM0024,METERS,-69.7290953993797,ME
74.4,2014-03-01,2018-09-19,44.7893312573433,"PITTSFIELD 1.2 NNW, ME US",0.9587,GHCND:US1MESM0032,METERS,-69.3951509892941,ME
85.0,2014-03-01,2021-09-26,44.7026342153549,"NORRIDGEWOCK 2.2 ESE, ME US",0.9587,GHCND:US1MESM0035,METERS,-69.7475107759237,ME
130.1,2016-05-02,2019-01-15,44.8975510150194,"NEW PORTLAND 2.2 ENE, ME US",1.0,GHCND:US1MESM0037,METERS,-70.0554082542658,ME
85.3,2017-11-08,2025-12-15,44.832097,"PALMYRA 2.9 WSW, ME US",0.7372,GHCND:US1MESM0038,METERS,-69.414816,ME
68.3,2019-08-15,2020-12-05,44.78201,"DETROIT 0.8 SSE, ME US",0.8038,GHCND:US1MESM0043,METERS,-69.2879,ME
319.1,2020-04-01,2025-12-11,45.07098,"BRIGHTON PLANTATION 2.1 N, ME US",0.5231,GHCND:US1MESM0045,METERS,-69.698607,ME
129.2,2009-09-01,2025-12-25,44.3835,"BELMONT 2.7 SSE, ME US",1.0,GHCND:US1MEWL0003,METERS,-69.1425,ME
6.1,2009-12-01,2025-12-25,44.693691,"WINTERPORT 2.9 N, ME US",1.0,GHCND:US1MEWL0008,METERS,-68.847972,ME
80.2,2009-12-01,2015-10-01,44.4239,"MORRILL 1.3 S, ME US",0.2535,GHCND:US1MEWL0009,METERS,-69.1483,ME
116.4,2011-12-01,2025-12-25,44.3768,"SEARSMONT 3.5 WNW, ME US",0.9792,GHCND:US1MEWL0012,METERS,-69.2616,ME
65.2,2012-03-01,2014-09-07,44.61,"FRANKFORT 0.8 W, ME US",0.7093,GHCND:US1MEWL0014,METERS,-68.89,ME
60.7,2013-03-01,2013-12-12,44.5717,"MONROE 3.0 S, ME US",0.9947,GHCND:US1MEWL0016,METERS,-69.01645,ME
141.4,2014-12-01,2018-06-27,44.5455251634121,"UNITY 4.6 SSW, ME US",1.0,GHCND:US1MEWL0022,METERS,-69.3542915582657,ME
63.1,2015-06-04,2025-12-20,44.483743,"SWANVILLE 2.7 S, ME US",0.307,GHCND:US1MEWL0024,METERS,-69.006467,ME
77.7,2017-12-15,2023-10-08,44.291101,"LINCOLNVILLE 1.9 ESE, ME US",1.0,GHCND:US1MEWL0025,METERS,-69.069971,ME
156.7,2017-01-03,2025-11-28,44.3985676020384,"LIBERTY 0.7 N, ME US",0.2286,GHCND:US1MEWL0026,METERS,-69.3007902055979,ME
127.1,2017-10-21,2025-12-25,44.55719,"PROSPECT 2.6 W, ME US",1.0,GHCND:US1MEWL0027,METERS,-68.91732,ME
127.4,2020-01-15,2025-10-09,44.4143,"MONTVILLE 2.3 SW, ME US",0.157,GHCND:US1MEWL0030,METERS,-69.31471,ME
61.3,2021-02-12,2024-12-01,44.608749,"UNITY 0.3 SE, ME US",1.0,GHCND:US1MEWL0031,METERS,-69.330574,ME
66.1,2022-09-01,2025-12-25,44.4729233,"BELFAST 3.9 NNE, ME US",0.9513,GHCND:US1MEWL0032,METERS,-68.98525,ME
95.1,2023-03-31,2023-12-19,44.38198,"PALERMO 3.3 ESE, ME US",0.998,GHCND:US1MEWL0033,METERS,-69.41101,ME
69.8,2010-01-01,2025-12-25,44.95262,"COOPER 0.5 SE, ME US",1.0,GHCND:US1MEWS0004,METERS,-67.43559,ME
16.8,2009-07-01,2025-03-19,44.8569,"LUBEC 4.1 W, ME US",0.6171,GHCND:US1MEWS0008,METERS,-67.0683,ME
18.3,2010-05-01,2010-11-22,44.607177,"HARRINGTON 2.7 WSW, ME US",0.998,GHCND:US1MEWS0009,METERS,-67.8617419,ME
21.9,2010-05-01,2025-12-23,44.909473,"PEMBROKE 5.4 SSE, ME US",0.9996,GHCND:US1MEWS0010,METERS,-67.126765,ME
23.5,2010-05-01,2025-12-24,44.775633,"WHITING 2.3 WSW, ME US",0.7321,GHCND:US1MEWS0011,METERS,-67.217733,ME
11.9,2010-06-01,2015-02-07,44.8296408,"LUBEC 1.4 SE, ME US",1.0,GHCND:US1MEWS0012,METERS,-66.9927305,ME
14.0,2012-08-01,2013-01-23,44.6628114581108,"JONESBORO 1.1 E, ME US",0.9947,GHCND:US1MEWS0018,METERS,-67.5516908615828,ME
17.4,2014-04-01,2015-12-09,44.9067,"EASTPORT 1.5 SE, ME US",1.0,GHCND:US1MEWS0024,METERS,-66.9866,ME
16.2,2014-07-01,2025-11-28,44.886773,"PEMBROKE 4.8 SSE, ME US",0.8085,GHCND:US1MEWS0025,METERS,-67.136843,ME
23.2,2014-05-01,2015-08-03,44.9476955831051,"PEMBROKE 1.1 WSW, ME US",0.9356,GHCND:US1MEWS0027,METERS,-67.1827335655689,ME
49.1,2014-12-01,2021-04-23,44.9382783472538,"DENNYSVILLE 3.1 NW, ME US",1.0,GHCND:US1MEWS0028,METERS,-67.2473714500666,ME
8.8,2015-07-01,2019-06-07,44.8136609047651,"LUBEC 3.1 S, ME US",0.9961,GHCND:US1MEWS0029,METERS,-66.9882948696613,ME
18.6,2015-12-10,2025-12-25,44.91044,"EASTPORT 1.4 ESE, ME US",1.0,GHCND:US1MEWS0031,METERS,-66.985721,ME
10.4,2018-09-26,2022-10-27,44.821509,"EASTPORT 9.8 SW, ME US",0.3449,GHCND:US1MEWS0032,METERS,-67.156825,ME
57.3,2018-11-07,2025-12-25,45.025787,"PERRY 3.8 NNW, ME US",0.9527,GHCND:US1MEWS0034,METERS,-67.102867,ME
7.0,1998-06-01,2025-12-25,43.0810088,"KITTERY POINT 0.8 WSW, ME US",0.8571,GHCND:US1MEYK0002,METERS,-70.7137736,ME
42.4,2009-07-01,2025-12-25,43.3932,"KENNEBUNK 1.8 WNW, ME US",0.9989,GHCND:US1MEYK0005,METERS,-70.58057,ME
8.5,2009-08-01,2013-06-08,43.1550125,"YORK HARBOR 3.3 WNW, ME US",0.534,GHCND:US1MEYK0007,METERS,-70.7098692,ME
43.6,2009-09-01,2025-11-04,43.260797,"SOUTH BERWICK 4.2 NE, ME US",0.998,GHCND:US1MEYK0008,METERS,-70.734544,ME
91.4,2009-08-01,2010-10-15,43.653242,"HOLLIS CENTER 4.7 NW, ME US",0.999,GHCND:US1MEYK0010,METERS,-70.657054,ME
5.8,2009-11-01,2018-04-27,43.1594,"SOUTH ELIOT 3.1 NE, ME US",1.0,GHCND:US1MEYK0014,METERS,-70.754621,ME
107.9,2009-12-01,2012-06-04,43.61843,"NORTH WATERBORO 0.3 SE, ME US",0.9819,GHCND:US1MEYK0015,METERS,-70.7302,ME
61.9,2009-12-01,2025-12-24,43.3014,"WELLS 3.5 SW, ME US",0.9738,GHCND:US1MEYK0018,METERS,-70.6447,ME
5.5,2009-12-01,2013-02-07,43.123369,"SOUTH ELIOT 0.7 WSW, ME US",1.0,GHCND:US1MEYK0020,METERS,-70.810523,ME
11.0,2009-12-01,2019-10-13,43.3467743,"WELLS 2.1 NE, ME US",1.0,GHCND:US1MEYK0022,METERS,-70.5571519,ME
161.8,2010-02-01,2023-11-04,43.766873,"PARSONSFIELD 4.2 NE, ME US",1.0,GHCND:US1MEYK0025,METERS,-70.865721,ME
1.5,2010-04-01,2025-12-25,43.48679,"BIDDEFORD 1.5 NNE, ME US",0.9998,GHCND:US1MEYK0028,METERS,-70.43473,ME
5.8,2010-05-01,2017-09-20,43.354423,"KENNEBUNK 4.0 ESE, ME US",0.9996,GHCND:US1MEYK0031,METERS,-70.479534,ME
60.7,2010-05-01,2022-09-12,43.331718,"WELLS 5.7 W, ME US",0.7162,GHCND:US1MEYK0032,METERS,-70.718105,ME
13.4,2010-05-01,2025-10-27,43.1681,"YORK BEACH 0.6 ESE, ME US",0.4846,GHCND:US1MEYK0033,METERS,-70.5972,ME
57.0,2010-06-01,2012-06-28,43.200556,"SOUTH BERWICK 3.4 SE, ME US",0.7199,GHCND:US1MEYK0034,METERS,-70.761389,ME
203.9,2010-11-01,2024-10-15,43.61763585,"NEWFIELD 4.0 WSW, ME US",1.0,GHCND:US1MEYK0041,METERS,-70.91539528,ME
45.1,2011-04-01,2013-11-19,43.535684,"SACO 2.2 W, ME US",0.998,GHCND:US1MEYK0045,METERS,-70.4990827,ME
143.9,2011-05-01,2024-08-28,43.765166,"PARSONSFIELD 3.9 NE, ME US",0.9993,GHCND:US1MEYK0046,METERS,-70.868641,ME
27.7,2012-03-01,2015-12-28,43.515064239502,"SACO 2.2 SE, ME US",0.998,GHCND:US1MEYK0047,METERS,-70.4227523803711,ME
186.2,2012-04-01,2021-07-31,43.5658107697964,"ACTON 2.7 NW, ME US",1.0,GHCND:US1MEYK0048,METERS,-70.9429733455181,ME
16.2,2012-04-01,2013-02-03,43.426418,"BIDDEFORD 3.5 SE, ME US",1.0,GHCND:US1MEYK0049,METERS,-70.399585,ME
36.6,2012-05-01,2020-05-02,43.5362,"SACO 2.5 NNW, ME US",0.9572,GHCND:US1MEYK0051,METERS,-70.453692,ME
138.4,2014-06-01,2025-12-23,43.630646,"NORTH WATERBORO 1.2 NE, ME US",0.9994,GHCND:US1MEYK0057,METERS,-70.714211,ME
60.4,2019-04-29,2025-12-24,43.22303,"YORK 4.7 NNW, ME US",0.6767,GHCND:US1MEYK0063,METERS,-70.69262,ME
91.7,2016-08-22,2025-12-20,43.298012,"NORTH BERWICK 5.3 W, ME US",0.8961,GHCND:US1MEYK0065,METERS,-70.839569,ME
95.4,2016-10-22,2020-07-09,43.517615,"WATERBORO 1.5 SW, ME US",0.115,GHCND:US1MEYK0066,METERS,-70.731971,ME
95.4,2016-12-30,2025-12-25,43.783085,"CORNISH 5.6 ESE, ME US",1.0,GHCND:US1MEYK0067,METERS,-70.695395,ME
68.9,2017-01-01,2024-10-21,43.27435,"BERWICK 0.5 N, ME US",0.9355,GHCND:US1MEYK0068,METERS,-70.86503,ME
22.9,2016-07-10,2019-12-18,43.392222,"KENNEBUNK 0.7 NW, ME US",0.9947,GHCND:US1MEYK0070,METERS,-70.555,ME
84.7,2019-12-22,2021-08-24,43.550672,"WATERBORO 1.1 NW, ME US",0.9819,GHCND:US1MEYK0071,METERS,-70.721519,ME
78.9,2020-12-11,2025-05-29,43.637353,"BUXTON 2.8 W, ME US",1.0,GHCND:US1MEYK0075,METERS,-70.576196,ME
21.6,2020-12-14,2022-11-19,43.48856,"BIDDEFORD 1.6 N, ME US",0.1728,GHCND:US1MEYK0076,METERS,-70.44472,ME
100.9,2021-11-17,2022-05-11,43.5895,"EAST WATERBORO 1.7 NW, ME US",0.9819,GHCND:US1MEYK0078,METERS,-70.7073,ME
14.3,2022-05-11,2025-12-25,43.36654,"KENNEBUNKPORT 1.1 NE, ME US",0.9995,GHCND:US1MEYK0079,METERS,-70.4475,ME
39.6,2022-08-18,2025-12-25,43.237018,"SOUTH BERWICK 1.3 E, ME US",0.9453,GHCND:US1MEYK0080,METERS,-70.784588,ME
207.3,2009-06-01,2025-12-25,43.48,"TILTON NORTHFIELD 3.3 NE, NH US",0.9999,GHCND:US1NHBK0001,METERS,-71.55,NH
214.0,2009-06-01,2025-12-25,43.43556213,"BELMONT 1.7 SW, NH US",0.9999,GHCND:US1NHBK0002,METERS,-71.50687408,NH
202.4,2010-07-01,2013-11-18,43.6478762,"NEW HAMPTON 5.3 NE, NH US",0.8286,GHCND:US1NHBK0005,METERS,-71.5682014,NH
171.9,2009-07-01,2022-12-05,43.554149,"LACONIA 7.9 E, NH US",1.0,GHCND:US1NHBK0007,METERS,-71.323108,NH
159.4,2009-07-01,2011-01-13,43.553744,"MEREDITH 7.3 S, NH US",0.6822,GHCND:US1NHBK0008,METERS,-71.483989,NH
206.3,2009-08-01,2025-12-25,43.622449,"MEREDITH 2.9 SSW, NH US",1.0,GHCND:US1NHBK0009,METERS,-71.535087,NH
151.2,1998-06-01,2025-12-25,43.52867,"LACONIA 2.8 S, NH US",0.9949,GHCND:US1NHBK0010,METERS,-71.4791,NH
158.8,2009-08-01,2010-12-12,43.563632,"GILFORD 2.1 NW, NH US",0.9989,GHCND:US1NHBK0011,METERS,-71.443312,NH
234.4,2009-08-01,2025-11-27,43.67578467,"CENTER HARBOR 3.7 SW, NH US",0.9875,GHCND:US1NHBK0012,METERS,-71.52670405,NH
256.9,2009-09-01,2010-09-08,43.547969,"GILFORD 0.6 W, NH US",0.9819,GHCND:US1NHBK0013,METERS,-71.419753,NH
203.6,2010-09-01,2013-10-05,43.571096,"SANBORNTON 5.6 NNW, NH US",0.9997,GHCND:US1NHBK0017,METERS,-71.601936,NH
204.2,2010-12-01,2025-12-25,43.6639715,"NEW HAMPTON 4.1 N, NH US",0.875,GHCND:US1NHBK0018,METERS,-71.6427066,NH
324.3,1998-06-01,2014-12-31,43.4549677,"GILMANTON 2.1 N, NH US",0.3431,GHCND:US1NHBK0020,METERS,-71.40975,NH
190.8,2015-09-09,2018-06-22,43.437745,"ALTON 1.2 SSE, NH US",0.2151,GHCND:US1NHBK0024,METERS,-71.213297,NH
273.4,2016-06-16,2025-12-25,43.698448233198,"MEREDITH 3.3 NNE, NH US",0.7495,GHCND:US1NHBK0026,METERS,-71.469307637959,NH
157.3,2016-09-16,2023-07-06,43.4973,"SANBORNTON 2.3 WNW, NH US",0.959,GHCND:US1NHBK0029,METERS,-71.628,NH
278.3,2021-07-08,2021-10-27,43.3788,"GILMANTON IW 3.5 SSW, NH US",0.998,GHCND:US1NHBK0030,METERS,-71.326,NH
151.5,2024-07-12,2025-12-22,43.530626,"LACONIA 2.8 SSE, NH US",1.0,GHCND:US1NHBK0034,METERS,-71.465966,NH
155.1,2009-08-01,2024-03-19,42.87850351,"WEST SWANZEY 1.0 WNW, NH US",0.9995,GHCND:US1NHCH0001,METERS,-72.33825346,NH
120.7,2009-07-01,2025-12-25,42.8988,"WEST CHESTERFIELD 0.3 WNW, NH US",0.9998,GHCND:US1NHCH0002,METERS,-72.5235,NH
168.6,2009-07-01,2013-03-09,42.9395,"KEENE 1.7 WSW, NH US",0.9998,GHCND:US1NHCH0004,METERS,-72.3284,NH
156.4,2009-09-01,2011-08-30,42.9404999,"KEENE 0.5 NE, NH US",0.7859,GHCND:US1NHCH0006,METERS,-72.276076,NH
147.5,2009-09-01,2025-10-29,42.8802298,"WEST SWANZEY 2.0 ENE, NH US",0.8515,GHCND:US1NHCH0007,METERS,-72.2854098,NH
319.4,2009-09-01,2010-03-30,42.7646615,"RICHMOND 0.7 NE, NH US",1.0,GHCND:US1NHCH0010,METERS,-72.2686998,NH
139.0,2009-09-01,2010-11-14,42.7719,"WINCHESTER 0.4 SSE, NH US",1.0,GHCND:US1NHCH0011,METERS,-72.3808,NH
171.9,2009-11-01,2012-03-18,42.8627,"WEST SWANZEY 1.9 ESE, NH US",0.998,GHCND:US1NHCH0012,METERS,-72.2867,NH
346.9,2010-10-01,2018-05-21,42.879513,"DUBLIN 3.3 SE, NH US",0.606,GHCND:US1NHCH0013,METERS,-72.010268,NH
340.2,2011-09-01,2013-04-17,43.067657,"GILSUM 2.6 ENE, NH US",0.9011,GHCND:US1NHCH0015,METERS,-72.218724,NH
363.3,2012-01-01,2025-12-24,42.731,"RINDGE 3.2 ESE, NH US",1.0,GHCND:US1NHCH0020,METERS,-71.952,NH
148.7,2015-04-01,2025-12-25,42.931338,"KEENE 2.0 SE, NH US",0.998,GHCND:US1NHCH0021,METERS,-72.26822,NH
158.8,2017-05-31,2025-12-24,42.98401,"KEENE 2.5 NNW, NH US",0.9992,GHCND:US1NHCH0024,METERS,-72.31399,NH
295.0,2018-05-24,2018-11-11,42.822432,"JAFFREY 0.7 NNE, NH US",0.7849,GHCND:US1NHCH0025,METERS,-72.01782,NH
145.1,2018-11-13,2025-12-25,42.929292,"KEENE 1.9 SE, NH US",0.8319,GHCND:US1NHCH0026,METERS,-72.272764,NH
156.4,2020-10-01,2025-12-24,42.9373,"KEENE 1.3 SW, NH US",0.9834,GHCND:US1NHCH0027,METERS,-72.3157,NH
133.5,2018-10-06,2025-12-01,42.9466,"KEENE 6.8 W, NH US",0.4615,GHCND:US1NHCH0029,METERS,-72.4322,NH
114.0,2023-07-14,2025-12-25,42.8202,"HINSDALE 2.5 NNW, NH US",0.9991,GHCND:US1NHCH0031,METERS,-72.50933,NH
155.1,2024-04-17,2025-12-24,42.93838,"KEENE 1.2 SW, NH US",0.7488,GHCND:US1NHCH0032,METERS,-72.31628,NH
188.1,2009-06-01,2020-01-14,43.6037,"EAST WAKEFIELD 1.2 SE, NH US",0.9999,GHCND:US1NHCR0001,METERS,-70.9867,NH
203.3,2009-07-01,2025-11-08,43.5555,"BROOKFIELD 0.9 WSW, NH US",0.7142,GHCND:US1NHCR0003,METERS,-71.0822,NH
260.9,2009-07-01,2009-12-24,43.803,"CENTER SANDWICH 3.1 WSW, NH US",0.998,GHCND:US1NHCR0004,METERS,-71.5,NH
165.2,2009-07-01,2011-11-18,43.9294832,"CONWAY 4.1 SSE, NH US",0.9925,GHCND:US1NHCR0007,METERS,-71.0840789,NH
185.9,2009-07-01,2013-05-26,43.7197,"OSSIPEE 2.3 NNW, NH US",0.6381,GHCND:US1NHCR0008,METERS,-71.1258,NH
285.3,2009-07-01,2020-03-11,43.879283,"MADISON 1.7 SE, NH US",0.9998,GHCND:US1NHCR0009,METERS,-71.126633,NH
150.6,2009-07-01,2014-11-26,43.7743273,"EFFINGHAM 0.9 NNW, NH US",0.9843,GHCND:US1NHCR0010,METERS,-70.999528,NH
156.1,2009-07-01,2025-12-22,44.03556,"NORTH CONWAY 1.4 SSW, NH US",0.951,GHCND:US1NHCR0011,METERS,-71.140076,NH
209.7,2009-07-01,2025-11-08,44.112796,"INTERVALE 2.7 N, NH US",0.9998,GHCND:US1NHCR0012,METERS,-71.139602,NH
159.4,2009-07-01,2010-11-14,43.7317693,"MOULTONBOROUGH 2.0 SE, NH US",0.9989,GHCND:US1NHCR0013,METERS,-71.3732373,NH
147.2,2009-08-01,2010-02-17,43.867273,"SILVER LAKE 1.5 SSW, NH US",1.0,GHCND:US1NHCR0014,METERS,-71.182404,NH
355.4,2009-12-01,2025-12-25,44.190694,"JACKSON 3.7 NW, NH US",1.0,GHCND:US1NHCR0015,METERS,-71.225989,NH
169.5,1998-06-17,2022-07-18,43.584639,"WOLFEBORO 0.6 SW, NH US",1.0,GHCND:US1NHCR0016,METERS,-71.217582,NH
232.6,2010-03-01,2010-11-25,43.91957222,"MADISON 1.4 N, NH US",0.9961,GHCND:US1NHCR0020,METERS,-71.14627778,NH
171.9,2011-10-01,2013-09-15,43.6379,"TUFTONBORO 1.1 S, NH US",0.9993,GHCND:US1NHCR0029,METERS,-71.2442,NH
147.5,2011-12-01,2012-07-13,44.0204,"NORTH CONWAY 2.3 S, NH US",1.0,GHCND:US1NHCR0030,METERS,-71.1345,NH
196.6,2014-07-01,2025-12-24,43.6391732096672,"WAKEFIELD 6.0 NNW, NH US",0.7485,GHCND:US1NHCR0034,METERS,-71.0520829260349,NH
201.2,2017-12-01,2025-12-25,43.92648333,"ALBANY 2.8 SW, NH US",0.751,GHCND:US1NHCR0041,METERS,-71.21556667,NH
143.9,2018-07-21,2024-12-12,43.840388,"TAMWORTH 3.4 ESE, NH US",0.2079,GHCND:US1NHCR0043,METERS,-71.195443,NH
171.0,2019-10-01,2025-12-24,44.029552,"NORTH CONWAY 1.8 SSE, NH US",0.9726,GHCND:US1NHCR0046,METERS,-71.116643,NH
126.5,2021-01-08,2024-11-23,43.7914211,"EFFINGHAM 2.1 N, NH US",0.6483,GHCND:US1NHCR0048,METERS,-70.9917614,NH
149.7,2021-11-16,2022-09-07,43.841199,"TAMWORTH 1.6 SSW, NH US",0.9925,GHCND:US1NHCR0049,METERS,-71.271849,NH
216.1,2022-07-18,2025-12-25,43.573233,"WOLFEBORO 1.5 SE, NH US",0.9996,GHCND:US1NHCR0050,METERS,-71.189422,NH
132.3,2022-08-15,2025-09-26,43.822701,"WEST OSSIPEE 0.8 W, NH US",0.2485,GHCND:US1NHCR0051,METERS,-71.188219,NH
163.7,2022-09-24,2025-10-19,43.684976,"PROVINCE LAKE 0.8 SW, NH US",0.1426,GHCND:US1NHCR0052,METERS,-71.007579,NH
457.5,2009-07-01,2012-09-15,44.359315,"RANDOLPH 4.0 WSW, NH US",0.8711,GHCND:US1NHCS0001,METERS,-71.365802,NH
354.8,2009-07-01,2023-09-24,44.62395,"DUMMER 4.3 NW, NH US",0.6051,GHCND:US1NHCS0003,METERS,-71.314417,NH
591.6,2009-07-01,2021-05-28,45.1106,"PITTSBURG 6.1 NE, NH US",0.9627,GHCND:US1NHCS0004,METERS,-71.297615,NH
383.1,2009-07-01,2012-12-06,44.34778,"GORHAM 3.1 S, NH US",0.7958,GHCND:US1NHCS0005,METERS,-71.18505,NH
372.5,2009-07-01,2024-03-31,44.4763958,"BERLIN 3.9 ESE, NH US",0.9998,GHCND:US1NHCS0006,METERS,-71.1772647,NH
260.9,2009-07-27,2025-12-25,44.49611,"LANCASTER 0.5 N, NH US",0.6713,GHCND:US1NHCS0007,METERS,-71.57639,NH
541.0,2008-10-01,2025-10-02,44.388238,"RANDOLPH 1.4 NE, NH US",0.9993,GHCND:US1NHCS0010,METERS,-71.2695348,NH
284.4,2010-11-01,2011-12-08,44.376381,"WHITEFIELD 0.3 NNW, NH US",0.9819,GHCND:US1NHCS0011,METERS,-71.613242,NH
526.7,2020-11-01,2025-12-25,44.33765,"CARROLL 4.6 NE, NH US",0.9052,GHCND:US1NHCS0019,METERS,-71.46461,NH
240.8,2023-08-10,2025-11-03,44.386117,"GORHAM 1.0 ESE, NH US",0.3843,GHCND:US1NHCS0021,METERS,-71.168629,NH
338.0,2024-06-30,2025-11-15,44.390267,"JEFFERSON 2.1 SSW, NH US",0.6647,GHCND:US1NHCS0022,METERS,-71.487963,NH
153.0,2009-06-01,2025-12-25,43.5949,"BRISTOL 0.4 SSE, NH US",0.9999,GHCND:US1NHGR0001,METERS,-71.7414,NH
202.1,2009-07-01,2014-05-15,43.7485545,"PLYMOUTH 0.7 N, NH US",0.5932,GHCND:US1NHGR0002,METERS,-71.6990447,NH
1813.9,2009-07-01,2015-12-03,43.6973099,"ASHLAND 0.2 NW, NH US",0.9993,GHCND:US1NHGR0003,METERS,-71.6328109,NH
203.3,2009-07-18,2015-02-03,44.1467,"BATH 1.4 S, NH US",0.9991,GHCND:US1NHGR0004,METERS,-71.965,NH
316.4,2009-08-01,2010-06-25,43.813758,"DORCHESTER 4.1 SSW, NH US",0.9925,GHCND:US1NHGR0007,METERS,-71.940748,NH
131.1,2009-08-01,2015-07-28,43.8980726,"ORFORD 0.5 SSW, NH US",0.9586,GHCND:US1NHGR0010,METERS,-72.1376736,NH
186.8,2009-10-01,2025-12-18,43.760317,"PLYMOUTH 1.6 NNE, NH US",0.7436,GHCND:US1NHGR0011,METERS,-71.688856,NH
247.2,2009-08-01,2010-05-10,43.74912,"PLYMOUTH 1.5 WNW, NH US",1.0,GHCND:US1NHGR0012,METERS,-71.72545,NH
391.4,2009-09-01,2011-02-18,43.674341,"CANAAN 2.0 NNW, NH US",1.0,GHCND:US1NHGR0013,METERS,-72.01922,NH
284.1,2009-09-01,2010-09-27,43.8898111,"THORNTON 3.0 ESE, NH US",1.0,GHCND:US1NHGR0014,METERS,-71.6150098,NH
271.6,2010-06-05,2025-11-08,44.303329,"LITTLETON 0.6 S, NH US",1.0,GHCND:US1NHGR0017,METERS,-71.763188,NH
197.8,2010-07-01,2011-10-25,43.7629,"PLYMOUTH 1.7 NNW, NH US",0.8732,GHCND:US1NHGR0020,METERS,-71.7075,NH
143.3,1982-01-01,2014-05-31,44.3738,"ACADIA NATIONAL PARK, ME US",1.0,GHCND:USC00170100,METERS,-68.2591,ME
104.5,1990-08-01,2013-12-31,44.517,"ALBION, ME US",1.0,GHCND:USC00170177,METERS,-69.434,ME
181.7,1986-05-01,2015-01-01,47.0886,"ALLAGASH, ME US",1.0,GHCND:USC00170200,METERS,-69.025,ME
246.0,2002-01-01,2023-10-31,44.65279,"ANDOVER 2, ME US",1.0,GHCND:USC00170217,METERS,-70.79293,ME
,1910-11-01,1922-07-31,46.666667,"ASHLAND, ME US",0.8157,GHCND:USC00170238,,-68.5,ME
71.3,2016-11-01,2025-11-29,44.31926,"AUGUSTA LANDFILL, ME US",1.0,GHCND:USC00170271,METERS,-69.70891,ME
40.8,1913-03-01,1915-01-31,44.3,"AUGUSTA 1, ME US",0.8672,GHCND:USC00170272,METERS,-69.783333,ME
18.0,1925-10-01,1953-06-30,44.8,"BANGOR, ME US",1.0,GHCND:USC00170350,METERS,-68.8,ME
58.5,2006-02-01,2025-11-30,44.80444,"BANGOR FSS, ME US",0.9994,GHCND:USC00170352,METERS,-68.81333,ME
34.1,1893-01-01,1982-08-31,44.41667,"BAR HARBOR 3 NW, ME US",0.8997,GHCND:USC00170371,METERS,-68.25,ME
166.1,1990-01-01,2010-12-31,45.2884,"BARNARD, ME US",1.0,GHCND:USC00170398,METERS,-69.1466,ME
7.6,1992-01-01,2025-12-25,43.9316,"BATH, ME US",1.0,GHCND:USC00170409,METERS,-69.8564,ME
457.2,1922-07-01,1925-09-21,46.283333,"BEETLE MOUNTAIN, ME US",0.3331,GHCND:USC00170445,METERS,-69.016667,ME
36.0,1893-01-01,2025-11-26,44.41436,"BELFAST, ME US",1.0,GHCND:USC00170480,METERS,-68.99989,ME
45.1,1900-01-01,1903-08-31,44.866667,"BEMIS, ME US",0.7734,GHCND:USC00170495,METERS,-70.75,ME
207.3,1948-06-01,1988-01-31,44.41667,"BETHEL, ME US",0.0987,GHCND:USC00170571,METERS,-70.78333,ME
216.4,1985-08-01,1987-06-30,44.5,"BETHEL 7 NW, ME US",1.0,GHCND:USC00170578,METERS,-70.85,ME
240.8,2011-01-01,2025-12-25,44.32,"BETHEL 6 SSE, ME US",1.0,GHCND:USC00170583,METERS,-70.7568,ME
,1925-10-01,1927-01-31,43.483333,"BIDDEFORD, ME US",0.3119,GHCND:USC00170593,,-70.466667,ME
114.3,1957-05-01,2025-12-24,45.06979,"BINGHAM WYMAN DAM, ME US",1.0,GHCND:USC00170600,METERS,-69.90549,ME
182.9,1978-05-01,2016-03-01,45.267,"BLANCHARD, ME US",1.0,GHCND:USC00170655,METERS,-69.5838,ME
325.8,1929-01-01,2025-12-25,45.6602,"BRASSUA DAM, ME US",1.0,GHCND:USC00170814,METERS,-69.8119,ME
128.0,1957-11-01,2020-10-03,46.4282,"BRIDGEWATER, ME US",1.0,GHCND:USC00170833,METERS,-67.8442,ME
220.1,1953-01-01,1955-07-31,44.11667,"BRIDGTON, ME US",1.0,GHCND:USC00170843,METERS,-70.73333,ME
154.8,1955-01-01,2019-03-01,44.07,"BRIDGTON 3 NW, ME US",1.0,GHCND:USC00170844,METERS,-70.7468,ME
467.0,1942-08-01,1944-06-16,44.35,"CADILLAC, ME US",1.0,GHCND:USC00171070,METERS,-68.233333,ME
,1912-04-01,1916-12-31,45.033333,"CAMBRIDGE, ME US",0.8591,GHCND:USC00171120,,-69.466667,ME
46.3,2001-01-01,2025-12-25,43.22411,"CAPE NEDDICK, ME US",1.0,GHCND:USC00171131,METERS,-70.63882,ME
397.2,2019-07-01,2020-01-31,45.08041,"CARRABASSETT VALLEY, ME US",0.8419,GHCND:USC00171177,METERS,-70.30317,ME
,1900-01-01,1902-12-31,44.8,"CARMEL, ME US",0.9451,GHCND:USC00171205,,-69.05,ME
256.0,1996-01-01,1997-11-30,44.18694,"CENTER LOVELL, ME US",1.0,GHCND:USC00171315,METERS,-70.8475,ME
288.0,2001-01-01,2025-11-26,46.1702,"CHAMBERLAIN BRIDGE, ME US",0.81,GHCND:USC00171318,METERS,-69.2083,ME
,1928-07-01,1929-09-30,46.0,"CHAMBERLAIN LAKE, ME US",0.3996,GHCND:USC00171320,,-69.0,ME
286.5,1903-12-01,1906-10-31,46.05,"CHESUNCOOK, ME US",0.9708,GHCND:USC00171350,METERS,-69.416667,ME
284.7,1988-03-01,2025-11-25,46.4925,"CHURCHILL DAM, ME US",0.365,GHCND:USC00171430,METERS,-69.2863,ME
304.8,1948-06-01,2011-03-23,46.6109,"CLAYTON LAKE, ME US",1.0,GHCND:USC00171472,METERS,-69.5231,ME
304.8,1963-01-01,1984-10-31,46.61667,"CLAYTON LAKE 2, ME US",0.9999,GHCND:USC00171479,METERS,-69.53333,ME
335.3,1989-10-01,1996-07-31,45.8944,"PITTSTON FARM, ME US",0.8658,GHCND:USC00171516,METERS,-69.9647,ME
90.5,1947-05-01,2025-12-23,44.9197,"CORINNA, ME US",1.0,GHCND:USC00171628,METERS,-69.2416,ME
239.0,1892-12-01,1924-07-31,43.8,"CORNISH, ME US",0.9948,GHCND:USC00171670,METERS,-70.8,ME
20.4,1896-01-01,1899-08-31,43.683333,"CUMBERLAND MILLS, ME US",0.9997,GHCND:USC00171705,METERS,-70.366667,ME
448.1,1956-01-01,1960-10-31,45.01667,"CUPSUPTIC STOREHOUSE, ME US",1.0,GHCND:USC00171756,METERS,-70.85,ME
64.0,1956-12-01,1965-05-11,44.13333,"DAMARISCOTTA MILLS, ME US",0.9993,GHCND:USC00171823,METERS,-69.51667,ME
144.8,1978-09-01,2016-03-01,45.6611,"DANFORTH, ME US",1.0,GHCND:USC00171833,METERS,-67.8613,ME
117.7,1902-12-01,1936-06-30,45.633333,"DANFORTH 1, ME US",0.9529,GHCND:USC00171835,METERS,-67.9,ME
603.8,1922-06-01,1923-07-31,46.966667,"DEBOLIE MOUNTAIN, ME US",0.4287,GHCND:USC00171860,METERS,-68.883333,ME
205.7,1905-07-01,1909-10-31,45.783333,"DEBSCONEAG, ME US",0.8263,GHCND:USC00171865,METERS,-68.966667,ME
141.1,2019-10-01,2025-12-20,44.67888,"DEDHAM, ME US",0.9991,GHCND:USC00171867,METERS,-68.63563,ME
353.6,1951-01-01,1953-01-31,45.2219,"LONG FALLS DAM, ME US",0.9986,GHCND:USC00171870,METERS,-70.1983,ME
132.0,2021-01-01,2025-12-25,44.51871,"DIXFIELD, ME US",0.9995,GHCND:USC00171901,METERS,-70.4078,ME
112.8,1973-10-01,2025-12-25,45.1872,"DOVER FOXCROFT WWTP, ME US",1.0,GHCND:USC00171975,METERS,-69.1841,ME
42.7,1993-01-01,2025-12-24,43.9996,"DURHAM, ME US",1.0,GHCND:USC00172048,METERS,-70.0963,ME
185.9,1957-10-01,2013-02-01,47.03333,"EAGLE LAKE, ME US",0.9986,GHCND:USC00172111,METERS,-68.6,ME
128.0,1969-01-01,1973-06-30,45.18333,"EAST DOVER, ME US",1.0,GHCND:USC00172207,METERS,-69.16667,ME
160.9,1970-11-01,2010-12-31,43.87861,"EAST HIRAM, ME US",1.0,GHCND:USC00172238,METERS,-70.75389,ME
22.9,1999-01-01,2009-11-30,44.7236,"EAST MACHIAS, ME US",0.9996,GHCND:USC00172320,METERS,-67.3817,ME
,1893-01-01,1895-04-29,46.616667,"EASTON, ME US",0.8236,GHCND:USC00172390,,-67.9,ME
25.9,1889-09-01,2013-04-19,44.90667,"EASTPORT, ME US",1.0,GHCND:USC00172426,METERS,-66.99194,ME
193.5,2009-11-01,2025-12-25,45.1369,"EAST SANGERVILLE, ME US",0.9873,GHCND:USC00172440,METERS,-69.2806,ME
164.9,1947-05-01,1969-05-31,45.13333,"EAST SANGERVILLE 5 S, ME US",0.9697,GHCND:USC00172442,METERS,-69.28333,ME
32.0,2011-01-01,2025-12-24,44.4934,"EAST SURRY, ME US",1.0,GHCND:USC00172443,METERS,-68.4582,ME
52.1,1931-08-01,1959-06-30,44.31667,"EAST WINTHROP, ME US",0.9971,GHCND:USC00172539,METERS,-69.9,ME
6.1,1992-09-01,2025-11-30,43.10222,"ELIOT, ME US",1.0,GHCND:USC00172602,METERS,-70.77309,ME
6.1,1910-03-01,2010-12-31,44.53333,"ELLSWORTH, ME US",1.0,GHCND:USC00172620,METERS,-68.43333,ME
14.9,2002-01-01,2011-06-30,44.53528,"ELLSWORTH POLL CONTROL, ME US",1.0,GHCND:USC00172623,METERS,-68.42056,ME
384.0,1910-11-01,1948-05-31,45.21039,"EUSTIS, ME US",0.9956,GHCND:USC00172695,METERS,-70.47272,ME
384.0,1948-10-01,2018-10-01,45.21039,"EUSTIS, ME US",1.0,GHCND:USC00172700,METERS,-70.47272,ME
,1962-01-01,1967-08-31,45.21667,"EUSTIS 2, ME US",1.0,GHCND:USC00172702,,-70.48333,ME
27.4,1886-02-01,1914-12-31,44.583333,"FAIRFIELD, ME US",0.9829,GHCND:USC00172740,METERS,-69.583333,ME
39.6,1991-01-01,1995-08-31,43.73333,"FALMOUTH, ME US",0.9996,GHCND:USC00172751,METERS,-70.21667,ME
125.3,1893-01-01,2025-10-31,44.6986,"FARMINGTON, ME US",1.0,GHCND:USC00172765,METERS,-70.16185,ME
,1895-06-01,1901-12-31,45.216667,"FLAGSTAFF, ME US",0.9745,GHCND:USC00172805,,-70.2,ME
185.9,1893-01-01,2025-12-25,47.2386,"FORT KENT, ME US",1.0,GHCND:USC00172878,METERS,-68.61195,ME
153.0,1948-06-01,1951-09-30,47.25,"FORT KENT 2, ME US",0.8931,GHCND:USC00172883,METERS,-68.6,ME
129.5,1992-01-01,1998-09-30,44.01667,"FRYEBURG, ME US",1.0,GHCND:USC00173026,METERS,-70.9825,ME
40.5,1886-09-01,2025-03-31,44.2202,"GARDINER, ME US",1.0,GHCND:USC00173046,METERS,-69.789,ME
214.0,1943-05-01,1965-07-31,44.4,"GILEAD, ME US",0.9549,GHCND:USC00173110,METERS,-70.96667,ME
11.9,1948-06-01,1948-11-30,44.13333,"GLEN COVE, ME US",0.998,GHCND:USC00173137,METERS,-69.1,ME
146.3,1995-12-01,1998-04-30,47.3,"GRAND ISLE, ME US",1.0,GHCND:USC00173219,METERS,-68.15,ME
89.9,1948-07-01,2025-12-07,45.17823,"GRAND LAKE STREAM, ME US",1.0,GHCND:USC00173261,METERS,-67.77489,ME
115.2,1995-10-01,2025-12-24,43.8925,"GRAY, ME US",1.0,GHCND:USC00173295,METERS,-70.2544,ME
424.3,1920-01-01,2025-12-24,45.4631,"GREENVILLE MUNICIPAL AIRPORT, ME US",1.0,GHCND:USC00173353,METERS,-69.55526,ME
121.9,1978-05-01,2012-03-31,45.17028,"GUILFORD, ME US",1.0,GHCND:USC00173417,METERS,-69.38167,ME
97.5,1978-01-01,2025-03-31,44.9466,"HARMONY, ME US",1.0,GHCND:USC00173567,METERS,-69.5456,ME
214.9,1998-01-01,2025-12-25,44.3744,"HARTFORD, ME US",1.0,GHCND:USC00173570,METERS,-70.3163,ME
253.0,1969-01-01,2025-12-01,45.4587,"HARRIS STATION, ME US",1.0,GHCND:USC00173588,METERS,-69.8654,ME
118.9,1962-01-01,1977-09-30,45.85,"HAYNESVILLE, ME US",0.687,GHCND:USC00173651,METERS,-68.0,ME
,1924-06-01,1927-08-31,47.0,"HEDGEHOG, ME US",0.393,GHCND:USC00173715,,-69.0,ME
160.9,1965-06-01,1970-10-31,43.87861,"EAST HIRAM, ME US",0.9991,GHCND:USC00173794,METERS,-70.75389,ME
88.1,1925-04-01,1965-05-31,43.85,"HIRAM 2 S, ME US",0.9751,GHCND:USC00173800,METERS,-70.8,ME
92.7,1994-01-01,2025-12-21,43.64759,"HOLLIS, ME US",1.0,GHCND:USC00173862,METERS,-70.67498,ME
125.0,1893-01-01,1985-04-30,46.13333,"HOULTON, ME US",0.8909,GHCND:USC00173897,METERS,-67.83333,ME
118.9,1985-01-01,2015-05-02,46.2061,"HOULTON 5 N, ME US",1.0,GHCND:USC00173944,METERS,-67.8418,ME
,1910-10-01,1917-06-17,46.333333,"HOWE BROOK, ME US",0.9878,GHCND:USC00173965,,-68.25,ME
370.0,1894-01-01,2025-12-23,45.626,"JACKMAN, ME US",1.0,GHCND:USC00174086,METERS,-70.246,ME
59.1,1948-06-01,2016-03-01,44.6454,"JONESBORO, ME US",1.0,GHCND:USC00174183,METERS,-67.6495,ME
,1892-03-01,1893-05-31,44.316667,"KENNEBEC ARSENAL, ME US",0.9324,GHCND:USC00174189,,-69.7667,ME
6.1,1989-01-01,2025-12-15,43.3605,"KENNEBUNKPORT, ME US",1.0,GHCND:USC00174193,METERS,-70.4697,ME
152.4,1885-10-01,1894-02-28,44.416667,"KENTS HILL, ME US",0.8617,GHCND:USC00174230,METERS,-70.083333,ME
323.1,1895-01-01,1903-06-30,45.7,"KINEO, ME US",0.8439,GHCND:USC00174290,METERS,-69.733333,ME
182.3,1978-01-01,2025-12-25,44.9595,"KINGFIELD, ME US",1.0,GHCND:USC00174324,METERS,-70.1753,ME
171.0,1928-09-01,1937-09-30,44.959223,"KINGFIELD 1, ME US",0.2478,GHCND:USC00174326,METERS,-70.153954,ME
457.2,1916-05-01,1917-08-31,45.0,"LANGTOWN, ME US",0.9365,GHCND:USC00174460,METERS,-70.5,ME
449.6,1922-01-01,1930-08-31,44.866667,"LEAD MOUNTAIN, ME US",0.6663,GHCND:USC00174505,METERS,-68.116667,ME
125.0,2010-01-01,2017-01-21,44.91528,"LEVANT, ME US",1.0,GHCND:USC00174550,METERS,-69.05389,ME
54.9,1893-01-01,2010-12-31,44.1,"LEWISTON, ME US",1.0,GHCND:USC00174566,METERS,-70.21667,ME
85.3,1996-01-01,1998-03-31,44.1,"LEWISTON 2, ME US",1.0,GHCND:USC00174569,METERS,-70.16667,ME
77.7,1993-01-01,2006-09-01,43.71667,"LIMINGTON, ME US",0.9995,GHCND:USC00174656,METERS,-70.65,ME
65.8,1926-09-01,1937-02-10,45.433333,"LINCOLN, ME US",0.9606,GHCND:USC00174680,METERS,-68.5,ME
64.9,2019-10-15,2025-12-25,45.32411,"LINCOLN WATER DISTRICT, ME US",0.9572,GHCND:USC00174681,METERS,-68.58307,ME
412.1,2017-01-01,2022-11-30,44.93994,"LINCOLN PLANTATION, ME US",0.9995,GHCND:USC00174682,METERS,-71.01985,ME
57.9,2001-12-01,2025-12-22,45.37523,"LINCOLN SANITARY DISTRICT WTP, ME US",1.0,GHCND:USC00174683,METERS,-68.50823,ME
115.8,2002-01-01,2023-01-02,44.4716,"LIVERMORE FALLS 1 E, ME US",1.0,GHCND:USC00174745,METERS,-70.1594,ME
353.6,1953-01-01,2016-03-01,45.2219,"LONG FALLS DAM, ME US",1.0,GHCND:USC00174781,METERS,-70.1983,ME
5.2,2016-01-01,2019-09-25,43.6805,"LONG ISLAND, ME US",0.9993,GHCND:USC00174782,METERS,-70.1606,ME
149.4,1978-01-01,2010-12-31,44.15694,"LOVELL, ME US",1.0,GHCND:USC00174817,METERS,-70.89444,ME
6.1,1893-01-01,2015-06-01,44.72,"MACHIAS, ME US",1.0,GHCND:USC00174878,METERS,-67.4538,ME
67.1,1893-12-01,2025-12-25,44.7976,"MADISON, ME US",1.0,GHCND:USC00174927,METERS,-69.889,ME
213.4,1893-03-01,1894-04-06,46.5,"MASARDIS, ME US",0.9032,GHCND:USC00175030,METERS,-68.36667,ME
304.8,1885-01-01,1908-01-31,45.133333,"MAYFIELD, ME US",0.9081,GHCND:USC00175070,METERS,-69.683333,ME
102.7,2023-01-01,2025-12-23,44.11236,"MECHANIC FALLS, ME US",1.0,GHCND:USC00175144,METERS,-70.41998,ME
445.0,1926-04-01,2013-10-18,44.7787,"MIDDLE DAM, ME US",1.0,GHCND:USC00175261,METERS,-70.9211,ME
109.7,1902-01-01,2010-12-31,45.65028,"MILLINOCKET, ME US",1.0,GHCND:USC00175304,METERS,-68.705,ME
109.7,2010-03-01,2025-12-25,45.6404,"MILLINOCKET WASTEWATER, ME US",0.9995,GHCND:USC00175305,METERS,-68.6747,ME
235.0,1948-08-01,1956-09-30,46.3,"MILLINOCKET DAM, ME US",0.9993,GHCND:USC00175314,METERS,-68.83333,ME
128.0,1921-10-01,2016-03-01,45.2563,"MILO, ME US",1.0,GHCND:USC00175347,METERS,-69.0101,ME
195.1,1948-06-01,1951-09-30,44.45,"MILTON, ME US",0.8754,GHCND:USC00175357,METERS,-70.65,ME
316.1,1930-09-01,2025-12-25,45.5853,"MOOSEHEAD, ME US",1.0,GHCND:USC00175460,METERS,-69.7187,ME
210.9,1929-04-01,1934-09-30,43.216667,"MOUNT AGAMENTICUS, ME US",0.4848,GHCND:USC00175530,METERS,-70.7,ME
1264.9,1929-01-01,1938-09-30,45.133333,"MOUNT BIGELOW, ME US",0.5552,GHCND:USC00175550,METERS,-70.283333,ME
64.9,1965-01-01,2025-11-30,44.0436,"NEWCASTLE, ME US",1.0,GHCND:USC00175675,METERS,-69.53753,ME
152.7,1963-04-01,1989-08-30,43.95,"NEW GLOUCESTER, ME US",0.2511,GHCND:USC00175686,METERS,-70.3,ME
146.3,1993-01-01,2025-12-25,44.6352,"NEW SHARON, ME US",1.0,GHCND:USC00175736,METERS,-70.0002,ME
134.1,2021-01-01,2022-05-15,44.68086,"NORRIDGEWOCK, ME US",1.0,GHCND:USC00175800,METERS,-69.80284,ME
225.9,1948-06-01,1951-09-30,44.65,"NORTH ANDOVER, ME US",1.0,GHCND:USC00175805,METERS,-70.78333,ME
43.0,1896-04-01,1897-05-31,43.303696,"NORTH BERWICK, ME US",0.643,GHCND:USC00175835,METERS,-70.733389,ME
136.9,1893-01-01,1953-08-31,44.13333,"NORTH BRIDGTON, ME US",0.9597,GHCND:USC00175875,METERS,-70.71667,ME
106.7,2001-01-01,2013-07-31,43.8791,"NORTH SEBAGO, ME US",1.0,GHCND:USC00176011,METERS,-70.6327,ME
198.1,2004-12-01,2013-06-07,44.2194,"NORWAY, ME US",1.0,GHCND:USC00176060,METERS,-70.6036,ME
34.1,1921-01-01,1956-08-31,44.93333,"OLD TOWN, ME US",0.9953,GHCND:USC00176420,METERS,-68.65,ME
460.9,1961-01-01,1969-05-31,44.96667,"OQUOSSOC, ME US",0.9998,GHCND:USC00176427,METERS,-70.78333,ME
467.6,1903-12-01,1916-02-29,44.983333,"OQUOSSOC 1, ME US",0.8436,GHCND:USC00176428,METERS,-70.816667,ME
35.1,1893-08-01,2010-12-31,44.89917,"ORONO, ME US",1.0,GHCND:USC00176430,METERS,-68.67444,ME
171.9,2020-01-01,2025-12-24,44.0979,"OTISFIELD, ME US",0.9991,GHCND:USC00176484,METERS,-70.5976,ME
58.8,1943-09-01,1944-07-31,44.31083,"OTTER POINT, ME US",1.0,GHCND:USC00176485,METERS,-68.19027,ME
214.0,1962-01-01,1963-10-31,46.01667,"PATTEN, ME US",1.0,GHCND:USC00176585,METERS,-68.45,ME
244.1,1965-01-01,1974-10-31,45.98333,"PATTEN 1 S, ME US",0.9578,GHCND:USC00176593,METERS,-68.45,ME
249.9,1992-01-01,2016-03-01,46.0259,"PATTEN 2, ME US",1.0,GHCND:USC00176594,METERS,-68.4975,ME
235.0,1974-11-01,1980-03-31,45.96667,"PATTEN 4 WSW, ME US",1.0,GHCND:USC00176595,METERS,-68.53333,ME
304.8,1902-04-01,1930-10-31,46.016667,"PATTEN, ME US",0.618,GHCND:USC00176597,METERS,-68.466667,ME
182.9,1985-01-01,1991-04-30,46.0,"PATTEN, ME US",0.9995,GHCND:USC00176599,METERS,-68.45,ME
176.8,1978-05-01,2017-06-18,44.8248,"PHILLIPS, ME US",1.0,GHCND:USC00176705,METERS,-70.3342,ME
349.0,2017-01-01,2025-12-25,44.81877,"PHILLIPS 3, ME US",0.9994,GHCND:USC00176706,METERS,-70.38664,ME
310.9,2002-01-01,2015-06-19,44.8297,"PHILLIPS 2, ME US",1.0,GHCND:USC00176707,METERS,-70.3936,ME
335.3,1996-09-01,2017-01-25,45.8944,"PITTSTON FARM, ME US",1.0,GHCND:USC00176721,METERS,-69.9647,ME
328.0,2017-01-01,2025-12-25,45.89088,"PITTSTON FARMS NEPP, ME US",0.9963,GHCND:USC00176722,METERS,-69.96446,ME
173.7,1997-01-01,2025-12-25,44.00706,"POLAND, ME US",1.0,GHCND:USC00176856,METERS,-70.36149,ME
249.9,2004-12-01,2011-10-26,46.7925,"PORTAGE, ME US",1.0,GHCND:USC00176875,METERS,-68.47722,ME
6.4,1989-01-01,2018-10-16,43.99189,"TENANTS HARBOR, ME US",1.0,GHCND:USC00176881,METERS,-69.21656,ME
20.1,1946-11-01,1972-05-31,43.66667,"PORTLAND CITY, ME US",0.9805,GHCND:USC00176900,METERS,-70.25,ME
189.0,1947-07-01,1957-01-31,45.45,"PRENTISS, ME US",0.9993,GHCND:USC00176927,METERS,-68.16667,ME
182.6,1893-01-01,2019-03-31,46.654,"PRESQUE ISLE, ME US",1.0,GHCND:USC00176937,METERS,-68.0089,ME
466.3,1969-01-01,2025-12-23,44.96751,"RANGELEY, ME US",1.0,GHCND:USC00177037,METERS,-70.6422,ME
542.5,1997-08-01,2025-12-24,44.98923,"RANGELEY 2 NW, ME US",1.0,GHCND:USC00177039,METERS,-70.67223,ME
290.2,1925-01-01,2016-03-01,45.8782,"RIPOGENUS DAM, ME US",1.0,GHCND:USC00177174,METERS,-69.1776,ME
,1902-05-01,1905-11-30,47.0,"ROACH RIVER, ME US",0.4879,GHCND:USC00177225,,-69.0,ME
35.1,1994-01-01,2025-12-24,45.08533,"ROBBINSTON, ME US",1.0,GHCND:USC00177238,METERS,-67.1205,ME
11.9,1937-01-01,1976-09-30,44.1,"ROCKLAND, ME US",1.0,GHCND:USC00177250,METERS,-69.11667,ME
10.7,1948-12-01,1951-09-30,44.103,"ROCKLAND, ME US",1.0,GHCND:USC00177255,METERS,-69.1157,ME
220.1,1943-05-01,1957-09-30,44.66667,"ROXBURY, ME US",0.9246,GHCND:USC00177315,METERS,-70.6,ME
192.0,1948-06-01,2010-12-31,44.53083,"RUMFORD 1 SSE, ME US",1.0,GHCND:USC00177325,METERS,-70.53722,ME
153.9,1899-01-01,1959-04-30,44.55,"RUMFORD, ME US",1.0,GHCND:USC00177330,METERS,-70.55,ME
173.7,1959-01-01,1972-07-31,44.53333,"RUMFORD POWER PLANT, ME US",0.9997,GHCND:USC00177335,METERS,-70.55,ME
192.0,2009-11-01,2024-09-30,44.49404,"RUMFORD 6 SW, ME US",1.0,GHCND:USC00177336,METERS,-70.65627,ME
24.1,1965-10-01,1981-05-31,43.5,"SACO, ME US",0.9947,GHCND:USC00177349,METERS,-70.45,ME
185.9,1961-01-01,1969-10-31,47.16667,"ST FRANCIS, ME US",1.0,GHCND:USC00177407,METERS,-68.9,ME
88.1,1953-01-01,2025-12-02,43.45739,"SANFORD 2 NNW, ME US",1.0,GHCND:USC00177479,METERS,-70.78022,ME
27.4,1997-01-01,1998-04-30,43.59139,"SCARBOROUGH, ME US",1.0,GHCND:USC00177523,METERS,-70.29889,ME
88.1,1885-05-01,1886-08-31,43.760911,"SEBAGO LAKE, ME US",0.998,GHCND:USC00177630,METERS,-70.52561,ME
,1929-01-01,1934-04-30,45.25,"SEBEC, ME US",0.6882,GHCND:USC00177646,,-69.25,ME
115.8,1991-01-01,2011-04-01,45.25361,"SEBEC LAKE, ME US",1.0,GHCND:USC00177654,METERS,-69.22778,ME
50.3,1887-08-01,2016-03-01,44.7638,"SKOWHEGAN, ME US",0.1237,GHCND:USC00177827,METERS,-69.7194,ME
200.9,1943-05-01,1976-04-30,44.58333,"SOUTH ANDOVER, ME US",0.9348,GHCND:USC00177940,METERS,-70.73333,ME
57.0,1903-03-01,1905-03-31,45.116667,"SOUTH LAGRANGE, ME US",0.8388,GHCND:USC00178010,METERS,-68.816667,ME
6.1,1948-06-01,1951-09-30,44.26805,"SOUTHWEST HARBOR 3 S, ME US",1.0,GHCND:USC00178301,METERS,-68.30222,ME
134.1,1964-01-01,2010-12-31,45.4,"SPRINGFIELD, ME US",1.0,GHCND:USC00178353,METERS,-68.16667,ME
185.9,1927-05-01,2016-03-01,46.55,"SQUA PAN DAM, ME US",0.9322,GHCND:USC00178398,METERS,-68.33333,ME
351.1,1952-06-01,1955-07-10,45.13333,"STRATTON, ME US",1.0,GHCND:USC00178555,METERS,-70.45,ME
220.1,1948-06-01,1951-09-30,44.5,"SUNDAY RIVER, ME US",1.0,GHCND:USC00178598,METERS,-70.86667,ME
121.9,1948-06-01,1951-09-30,44.03333,"SWANS FALLS, ME US",1.0,GHCND:USC00178641,METERS,-70.98333,ME
292.6,1962-01-01,1986-04-30,46.15,"TELOS DAM, ME US",0.7595,GHCND:USC00178688,METERS,-69.13333,ME
182.9,1902-04-01,1968-03-31,45.35,"THE FORKS, ME US",0.8346,GHCND:USC00178721,METERS,-69.96667,ME
40.8,1904-01-01,1905-12-31,44.083333,"THOMASTON, ME US",0.7078,GHCND:USC00178760,METERS,-69.183333,ME
189.0,2004-01-01,2025-12-25,45.4353,"TOPSFIELD 2, ME US",1.0,GHCND:USC00178792,METERS,-67.7213,ME
26.2,2009-06-01,2010-07-31,44.44472,"TRENTON, ME US",0.7859,GHCND:USC00178798,METERS,-68.36194,ME
172.2,2002-01-01,2025-12-25,44.2822,"TURNER, ME US",1.0,GHCND:USC00178817,METERS,-70.2561,ME
161.8,1949-01-01,1959-06-30,44.58333,"UNITY, ME US",1.0,GHCND:USC00178936,METERS,-69.33333,ME
446.5,1948-06-01,2014-08-01,44.8834,"UPPER DAM, ME US",0.5824,GHCND:USC00178942,METERS,-70.8619,ME
530.0,1928-01-01,1937-09-30,44.694221,"UPTON, ME US",0.6994,GHCND:USC00178950,METERS,-71.010632,ME
155.4,1902-04-01,1935-09-30,47.15,"VAN BUREN, ME US",0.8657,GHCND:USC00178963,METERS,-67.933333,ME
139.0,1963-01-01,2025-12-25,47.1664,"VAN BUREN 2, ME US",1.0,GHCND:USC00178965,METERS,-67.9396,ME
139.9,1902-06-01,1950-05-31,45.56667,"VANCEBORO, ME US",0.6662,GHCND:USC00178969,METERS,-67.43333,ME
128.0,1965-01-01,2010-12-31,45.56083,"VANCEBORO 2, ME US",1.0,GHCND:USC00178974,METERS,-67.43028,ME
44.2,2008-01-01,2015-04-30,44.6918,"WALTHAM, ME US",0.9993,GHCND:USC00178998,METERS,-68.3474,ME
179.8,2005-01-01,2008-09-30,46.3733,"WASHBURN NUMBER 2, ME US",0.9993,GHCND:USC00179020,METERS,-69.1611,ME
147.8,1991-01-01,2002-02-28,43.6,"WATERBORO, ME US",0.978,GHCND:USC00179051,METERS,-70.8,ME
18.9,1958-01-01,2025-12-24,44.52735,"WATERVILLE TREATMENT PLANT, ME US",1.0,GHCND:USC00179151,METERS,-69.65378,ME
125.0,1998-01-01,2016-03-01,44.9511,"WESLEY, ME US",1.0,GHCND:USC00179294,METERS,-67.6664,ME
71.0,2014-08-01,2017-02-05,44.9442,"WESLEY 2 W, ME US",1.0,GHCND:USC00179295,METERS,-67.7086,ME
67.1,1953-08-01,2012-09-01,43.6877,"WEST BUXTON 2 NNW, ME US",1.0,GHCND:USC00179314,METERS,-70.6127,ME
49.1,1955-11-01,1979-08-31,45.25,"WEST ENFIELD, ME US",0.9266,GHCND:USC00179360,METERS,-68.65,ME
378.0,1963-07-01,1964-06-30,45.38333,"WEST FORKS, ME US",1.0,GHCND:USC00179382,METERS,-70.01667,ME
164.6,1978-01-01,2010-12-31,44.33333,"WEST PARIS, ME US",1.0,GHCND:USC00179538,METERS,-70.58333,ME
27.4,2002-01-01,2013-09-30,43.888,"WESTPORT ISLAND, ME US",1.0,GHCND:USC00179547,METERS,-69.7088,ME
100.9,1926-09-01,1935-09-30,44.18333,"WEST ROCKPORT, ME US",0.936,GHCND:USC00179591,METERS,-69.15,ME
110.0,1976-01-01,2025-12-25,44.19236,"WEST ROCKPORT 1 NNW, ME US",1.0,GHCND:USC00179593,METERS,-69.14678,ME
,1928-07-01,1930-09-30,45.55,"WHITE CAP MOUNTAIN, ME US",0.2592,GHCND:USC00179710,,-69.25,ME
22.9,2022-01-22,2022-03-03,44.74247,"WHITING, ME US",0.6341,GHCND:USC00179711,METERS,-67.30521,ME
135.0,2010-01-01,2025-12-25,43.8567,"WINDHAM 2 NW, ME US",0.9996,GHCND:USC00179720,METERS,-70.4663,ME
63.4,2016-11-01,2025-12-25,44.30656,"WINTHROP, ME US",0.991,GHCND:USC00179721,METERS,-69.97016,ME
18.9,1895-09-01,1958-06-30,44.52735,"WATERVILLE TREATMENT PLANT, ME US",0.9921,GHCND:USC00179826,METERS,-69.65378,ME
37.5,1917-07-01,2025-12-25,45.1542,"WOODLAND, ME US",1.0,GHCND:USC00179891,METERS,-67.3985,ME
417.9,1938-12-01,1954-06-30,43.65,"ALEXANDRIA, NH US",0.9039,GHCND:USC00270038,METERS,-71.86667,NH
292.6,1991-01-01,1993-11-30,43.6,"ALEXANDRIA 3, NH US",0.9991,GHCND:USC00270040,METERS,-71.76667,NH
353.6,1996-01-01,2013-12-31,43.6333,"ALEXANDRIA 4, NH US",1.0,GHCND:USC00270045,METERS,-71.8,NH
341.4,1893-08-01,1922-11-30,43.166667,"ALSTEAD CENTER, NH US",0.9973,GHCND:USC00270090,METERS,-72.416667,NH
219.5,1977-01-01,1986-12-31,43.43333,"ALTON, NH US",0.9821,GHCND:USC00270100,METERS,-71.25,NH
,1893-01-01,1894-10-25,43.033333,"ANTRIM, NH US",1.0,GHCND:USC00270215,,-71.916667,NH
51.2,1927-08-01,1932-04-30,42.816667,"ARLINGTON MILLS, NH US",1.0,GHCND:USC00270275,METERS,-71.2,NH
211.8,2004-03-01,2010-12-31,43.38333,"BARNSTEAD 5 N, NH US",1.0,GHCND:USC00270315,METERS,-71.25028,NH
203.9,1903-09-01,2022-04-30,44.07644,"BARTLETT, NH US",0.9541,GHCND:USC00270390,METERS,-71.28329,NH
193.5,2009-07-01,2017-03-15,44.1473,"BATH 3, NH US",0.9999,GHCND:USC00270493,METERS,-71.9656,NH
149.0,1938-01-22,1957-09-30,44.15,"BATH 2 SW, NH US",0.9494,GHCND:USC00270496,METERS,-71.98333,NH
335.3,1944-10-01,1950-09-30,43.65,"BEECH HILL, NH US",0.7495,GHCND:USC00270527,METERS,-71.583333,NH
170.7,2009-08-01,2012-11-30,43.6055,"NEW HAMPTON 2, NH US",1.0,GHCND:USC00270610,METERS,-71.6561,NH
182.9,1890-01-01,1896-09-30,43.5,"BELMONT, NH US",1.0,GHCND:USC00270620,METERS,-71.583333,NH
399.9,1940-10-01,1964-11-12,44.1,"BENTON, NH US",0.8931,GHCND:USC00270675,METERS,-71.88333,NH
365.8,1965-01-01,2012-11-01,44.0341,"BENTON 5 SW, NH US",1.0,GHCND:USC00270681,METERS,-71.9486,NH
280.4,1886-01-01,2025-12-25,44.4535,"BERLIN, NH US",1.0,GHCND:USC00270690,METERS,-71.18552,NH
420.6,1893-01-01,1991-11-30,44.28333,"BETHLEHEM, NH US",0.9841,GHCND:USC00270703,METERS,-71.68333,NH
359.7,1992-01-01,2013-08-15,44.3063,"BETHLEHEM 2, NH US",1.0,GHCND:USC00270706,METERS,-71.6575,NH
325.2,2013-01-01,2016-06-21,44.3154,"BETHLEHEM 3, NH US",1.0,GHCND:USC00270707,METERS,-71.6673,NH
137.2,1948-06-01,1991-06-30,43.3,"WEBSTER, NH US",1.0,GHCND:USC00270741,METERS,-71.7,NH
66.1,1938-09-01,1960-08-31,43.16667,"BOW GARVINS FALLS, NH US",0.7272,GHCND:USC00270834,METERS,-71.51667,NH
286.5,1938-01-01,2010-12-31,43.25861,"BRADFORD, NH US",1.0,GHCND:USC00270910,METERS,-71.98,NH
248.4,1998-01-01,2025-12-02,43.25886,"BRADFORD 2, NH US",1.0,GHCND:USC00270913,METERS,-72.0021,NH
502.9,1903-09-01,1906-11-30,44.26667,"BRETTON WOODS, NH US",0.8718,GHCND:USC00270980,METERS,-71.45,NH
146.9,1938-01-01,1951-09-30,43.5984,"BRISTOL, NH US",0.5733,GHCND:USC00270998,METERS,-71.7185,NH
179.8,1983-01-01,1991-01-27,43.58333,"BRISTOL 2, NH US",0.9993,GHCND:USC00271001,METERS,-71.73333,NH
91.4,1892-01-01,1918-05-31,42.733333,"BROOKLINE, NH US",1.0,GHCND:USC00271020,METERS,-71.683333,NH
430.1,1944-10-01,1957-10-31,43.73333,"BUCKS CORNER, NH US",0.9994,GHCND:USC00271048,METERS,-71.98333,NH
189.0,1942-08-01,1968-11-30,43.85,"CAMPTON, NH US",0.9999,GHCND:USC00271099,METERS,-71.63333,NH
539.8,2016-07-01,2017-06-30,43.85985,"CAMPTON 2, NH US",0.1989,GHCND:USC00271100,METERS,-71.59703,NH
1220.1,1952-01-01,1974-11-14,44.16667,"CANNON MOUNTAIN, NH US",0.9516,GHCND:USC00271187,METERS,-71.7,NH
1011.0,2023-01-01,2025-12-25,44.25948,"CARTER NOTCH HUT, NH US",0.9991,GHCND:USC00271190,METERS,-71.19559,NH
274.9,1948-06-01,1952-03-31,43.71667,"CENTER HARBOR, NH US",1.0,GHCND:USC00271338,METERS,-71.48333,NH
182.9,1952-01-01,1973-11-30,43.73333,"MOULTONBORO 5 WSW, NH US",0.9461,GHCND:USC00271339,METERS,-71.48333,NH
304.8,1901-01-01,1905-04-30,44.15,"CHATHAM, NH US",1.0,GHCND:USC00271450,METERS,-71.016667,NH
131.1,1897-10-01,1973-04-30,43.36667,"CLAREMONT JUNCTION, NH US",0.3782,GHCND:USC00271552,METERS,-72.38333,NH
488.0,1948-06-01,1949-10-31,44.06667,"CLEAR BROOK, NH US",0.3526,GHCND:USC00271590,METERS,-71.63333,NH
341.4,1960-01-01,2025-12-23,44.86102,"COLEBROOK 3 SW, NH US",1.0,GHCND:USC00271647,METERS,-71.53921,NH
298.7,1997-01-01,1999-02-28,44.78972,"COLUMBIA, NH US",1.0,GHCND:USC00271662,METERS,-71.57167,NH
66.1,1884-11-01,1939-07-31,43.21667,"CONCORD RIVER, NH US",0.5739,GHCND:USC00271678,METERS,-71.51667,NH
82.3,1868-01-01,1941-04-30,43.205,"CONCORD, NH US",1.0,GHCND:USC00271682,METERS,-71.535,NH
159.1,1959-01-01,1973-09-30,44.0562,"NORTH CONWAY, NH US",1.0,GHCND:USC00271732,METERS,-71.1297,NH
259.1,1978-05-01,1985-03-31,43.5,"CORNISH FLAT, NH US",0.9395,GHCND:USC00271797,METERS,-72.28333,NH
577.0,2021-12-01,2025-12-25,44.21967,"CRAWFORD NOTCH, NH US",0.9993,GHCND:USC00271800,METERS,-71.4127,NH
325.2,1976-01-01,2010-12-31,43.09083,"DEERING, NH US",1.0,GHCND:USC00271950,METERS,-71.86778,NH
91.4,2004-01-01,2007-04-30,42.8661,"DERRY, NH US",1.0,GHCND:USC00271960,METERS,-71.3247,NH
670.6,1997-12-01,2011-12-01,44.9541,"DIAMOND POND, NH US",1.0,GHCND:USC00271968,METERS,-71.3205,NH
515.1,1931-01-01,2005-12-31,44.86889,"DIXVILLE NOTCH, NH US",0.9233,GHCND:USC00272023,METERS,-71.32472,NH
454.2,1892-11-01,1976-05-31,42.91667,"DUBLIN, NH US",0.4078,GHCND:USC00272136,METERS,-72.06667,NH
23.2,1893-01-01,2024-12-31,43.14192,"DURHAM, NH US",1.0,GHCND:USC00272174,METERS,-70.95004,NH
243.8,1892-12-01,1894-09-30,43.35,"EAST CANTERBURY, NH US",1.0,GHCND:USC00272250,METERS,-71.5,NH
241.1,1948-06-01,1976-04-15,43.06667,"EAST DEERING, NH US",0.9994,GHCND:USC00272284,METERS,-71.81667,NH
164.6,1997-03-01,1997-07-31,42.88333,"EAST DERRY, NH US",1.0,GHCND:USC00272290,METERS,-71.26667,NH
73.2,2008-01-01,2025-12-25,42.8266,"EAST MILFORD, NH US",1.0,GHCND:USC00272302,METERS,-71.626,NH
210.9,2016-01-01,2025-12-25,43.8099,"EAST SANDWICH, NH US",1.0,GHCND:USC00272303,METERS,-71.3425,NH
134.1,1938-09-01,1960-01-31,43.45,"WEBSTER SUBSTN, NH US",0.8744,GHCND:USC00272427,METERS,-71.68333,NH
46.9,1963-12-01,2025-12-25,43.03043,"EPPING, NH US",1.0,GHCND:USC00272800,METERS,-71.08337,NH
387.1,1927-01-01,2016-03-01,44.7888,"ERROL, NH US",1.0,GHCND:USC00272842,METERS,-71.123,NH
378.0,2016-08-01,2025-12-14,44.7925,"ERROL AIRPORT, NH US",0.8511,GHCND:USC00272846,METERS,-71.1634,NH
502.9,1927-01-01,1970-07-31,44.26667,"BRETTON WOODS, NH US",0.9994,GHCND:USC00272898,METERS,-71.45,NH
502.9,1918-01-01,2025-12-25,45.0899,"FIRST CONNECTICUT LAKE, NH US",1.0,GHCND:USC00272999,METERS,-71.2906,NH
362.7,1930-10-01,2014-09-30,42.7798,"FITZWILLIAM 2 W, NH US",0.9405,GHCND:USC00273024,METERS,-72.1788,NH
415.1,1941-10-01,1949-07-31,42.78333,"FITZWILLIAM, NH US",0.8298,GHCND:USC00273029,METERS,-72.15,NH
228.6,2008-07-01,2015-01-08,42.9849,"FRANCESTOWN, NH US",1.0,GHCND:USC00273055,METERS,-71.796,NH
287.4,1941-01-01,1981-11-30,44.23333,"FRANCONIA, NH US",0.1478,GHCND:USC00273160,METERS,-71.75,NH
76.2,1903-01-01,1952-05-29,43.41667,"FRANKLIN JUNCTION, NH US",0.6246,GHCND:USC00273172,METERS,-71.65,NH
118.9,1900-10-01,1971-05-31,43.45,"FRANKLIN, NH US",0.9953,GHCND:USC00273177,METERS,-71.66667,NH
137.2,1948-06-01,2025-12-23,43.4703,"FRANKLIN FALLS DAM, NH US",1.0,GHCND:USC00273182,METERS,-71.6537,NH
413.0,1941-01-01,1945-09-30,43.45,"GEORGES MILLS, NH US",0.8887,GHCND:USC00273280,METERS,-72.05,NH
313.9,1944-10-01,1964-12-31,43.45,"GILMANTON, NH US",0.9834,GHCND:USC00273359,METERS,-71.41667,NH
244.1,1965-01-01,1976-06-30,43.43333,"GILMANTON 2 E, NH US",1.0,GHCND:USC00273367,METERS,-71.36667,NH
502.9,1909-07-01,1954-04-30,43.98333,"GLENCLIFF, NH US",0.9796,GHCND:USC00273409,METERS,-71.9,NH
329.2,1978-01-01,2012-08-13,43.9847,"GLENCLIFF 2, NH US",1.0,GHCND:USC00273415,METERS,-71.8947,NH
281.0,1927-04-01,1951-09-23,44.38333,"GORHAM, NH US",0.1667,GHCND:USC00273485,METERS,-71.18333,NH
335.3,2003-09-01,2007-05-01,44.39028,"GORHAM 2, NH US",1.0,GHCND:USC00273486,METERS,-71.22694,NH
249.9,2005-01-01,2013-02-28,44.3863,"GORHAM 3, NH US",1.0,GHCND:USC00273487,METERS,-71.1802,NH
243.8,2013-09-01,2025-12-24,44.3933,"GORHAM AIRPORT, NH US",1.0,GHCND:USC00273488,METERS,-71.1947,NH
253.0,1884-12-01,2010-12-31,43.56667,"GRAFTON, NH US",1.0,GHCND:USC00273530,METERS,-71.95,NH
1332.9,2020-12-14,2025-12-25,44.3326,"GRAY KNOB, NH US",0.9995,GHCND:USC00273535,METERS,-71.30931,NH
29.0,1973-01-01,2025-10-31,43.021,"GREENLAND, NH US",1.0,GHCND:USC00273626,METERS,-70.8257,NH
267.9,1955-11-01,1971-04-30,42.78333,"GREENVILLE, NH US",0.9626,GHCND:USC00273656,METERS,-71.81667,NH
274.3,1992-05-01,2025-07-09,42.78273,"GREENVILLE 1 NNE, NH US",1.0,GHCND:USC00273658,METERS,-71.79853,NH
320.0,1971-05-01,1988-05-31,42.76667,"GREENVILLE 2 NNE, NH US",0.8827,GHCND:USC00273660,METERS,-71.78333,NH
217.0,1938-01-01,1948-10-31,42.78333,"GREENVILLE 1 NW, NH US",0.4507,GHCND:USC00273661,METERS,-71.8,NH
,1893-01-01,1907-11-30,44.633333,"GROVETON, NH US",0.1341,GHCND:USC00273695,,-71.516667,NH
3.0,1929-07-01,1945-11-30,42.91845,"HAMPTON, NH US",0.9593,GHCND:USC00273800,METERS,-70.79971,NH
227.1,2014-01-01,2025-03-31,42.9694,"HANCOCK, NH US",1.0,GHCND:USC00273825,METERS,-71.9529,NH
178.0,1884-11-01,2025-12-24,43.7052,"HANOVER, NH US",1.0,GHCND:USC00273850,METERS,-72.2855,NH
161.5,2011-01-01,2012-06-30,43.7186,"HANOVER 2, NH US",1.0,GHCND:USC00273855,METERS,-72.2724,NH
1061.9,2016-12-18,2025-03-19,44.2663,"HARVARD CABIN SNOWPLOT, NH US",0.2512,GHCND:USC00273856,METERS,-71.27793,NH
1142.7,2016-12-11,2025-12-25,44.2613,"HERMIT LAKE SNOWPLOT, NH US",0.7773,GHCND:USC00273860,METERS,-71.2833,NH
256.0,1948-07-01,1949-09-30,43.1,"HILLSBORO, NH US",0.9324,GHCND:USC00274057,METERS,-71.95,NH
247.5,1936-01-01,1943-07-27,43.15,"HILLSBORO, NH US",0.9206,GHCND:USC00274059,METERS,-71.916667,NH
182.9,1948-06-01,1951-09-30,43.11667,"HILLSBORO 2 W, NH US",1.0,GHCND:USC00274062,METERS,-71.93333,NH
249.9,2022-10-01,2025-12-16,43.77389,"HOLDERNESS 4.6 NW, NH US",0.9991,GHCND:USC00274176,METERS,-71.65551,NH
131.1,2011-01-01,2025-12-23,43.189,"HOPKINTON LAKE, NH US",1.0,GHCND:USC00274218,METERS,-71.746,NH
56.4,1948-06-01,2025-12-25,42.783,"HUDSON 1 SSE, NH US",1.0,GHCND:USC00274234,METERS,-71.4148,NH
313.9,2011-01-01,2025-12-24,42.8088,"JAFFREY SILVER RANCH AIRPARK, NH US",0.9999,GHCND:USC00274304,METERS,-72.0053,NH
442.0,1940-01-01,1961-05-31,44.4,"JEFFERSON, NH US",0.9538,GHCND:USC00274314,METERS,-71.45,NH
426.7,1996-01-01,1996-06-30,44.35,"JEFFERSON NUMBER 2, NH US",1.0,GHCND:USC00274318,METERS,-71.5,NH
427.0,1967-08-01,1976-10-31,44.35,"JEFFERSON 5 SSW, NH US",0.9993,GHCND:USC00274321,METERS,-71.51667,NH
376.4,1963-01-01,2025-12-25,44.4169,"JEFFERSON, NH US",1.0,GHCND:USC00274329,METERS,-71.5008,NH
,1903-09-01,1932-06-30,44.366667,"JEFFERSON HIGHLANDS, NH US",0.1474,GHCND:USC00274340,,-71.366667,NH
207.3,1941-07-01,1943-04-30,44.066667,"KEARSARGE, NH US",1.0,GHCND:USC00274380,METERS,-71.116667,NH
155.8,1893-01-01,2025-12-25,42.939,"KEENE, NH US",1.0,GHCND:USC00274399,METERS,-72.3247,NH
170.7,1948-06-01,1982-07-31,43.55,"LAKEPORT, NH US",0.9994,GHCND:USC00274475,METERS,-71.46667,NH
152.4,1926-09-01,2025-12-25,43.54914,"LAKEPORT 2, NH US",1.0,GHCND:USC00274480,METERS,-71.46456,NH
262.1,1892-10-01,2021-09-27,44.49576,"LANCASTER, NH US",1.0,GHCND:USC00274556,METERS,-71.57668,NH
320.0,1948-06-01,1951-09-30,44.16667,"LANDAFF, NH US",1.0,GHCND:USC00274568,METERS,-71.88333,NH
266.7,1921-01-01,2016-03-01,44.05,"LINCOLN, NH US",0.9498,GHCND:USC00274732,METERS,-71.66667,NH
246.0,2016-08-01,2025-12-25,44.0425,"LINCOLN NEPP, NH US",0.9927,GHCND:USC00274734,METERS,-71.6727,NH
,1885-01-01,1935-11-30,44.333333,"LITTLETON, NH US",0.3257,GHCND:USC00274804,,-71.75,NH
837.0,2023-01-01,2025-12-25,44.13824,"LONESOME LAKE HUT, NH US",0.9991,GHCND:USC00274810,METERS,-71.70318,NH
295.7,1950-01-01,2025-12-22,42.8941,"EDWARD MACDOWELL LAKE, NH US",1.0,GHCND:USC00275013,METERS,-71.9842,NH
64.0,1885-02-01,1999-03-20,43.03333,"MANCHESTER, NH US",0.5482,GHCND:USC00275072,METERS,-71.48333,NH
359.7,1941-06-01,2011-11-24,43.1175,"MARLOW, NH US",1.0,GHCND:USC00275150,METERS,-72.2004,NH
274.3,1988-01-01,1991-05-31,42.78273,"GREENVILLE 1 NNE, NH US",0.9407,GHCND:USC00275196,METERS,-71.79853,NH
77.1,1942-01-01,2025-12-25,42.9891,"MASSABESIC LAKE, NH US",1.0,GHCND:USC00275211,METERS,-71.3932,NH
262.4,1994-01-01,2020-05-16,43.69307,"MEREDITH 3 NNE, NH US",1.0,GHCND:USC00275350,METERS,-71.47342,NH
296.0,1944-01-01,1957-09-30,43.55,"MERIDEN, NH US",0.7938,GHCND:USC00275362,METERS,-72.26667,NH
73.2,1991-01-01,1994-08-31,42.85,"MERRIMACK, NH US",0.9998,GHCND:USC00275371,METERS,-71.55,NH
360.0,1926-05-01,1981-12-31,44.66667,"MILAN 7 NNW, NH US",0.9849,GHCND:USC00275400,METERS,-71.21667,NH
97.5,1944-01-01,2010-12-31,42.83944,"MILFORD, NH US",1.0,GHCND:USC00275412,METERS,-71.64861,NH
201.2,1948-06-01,2010-12-31,44.31667,"MONROE 5 NNE, NH US",1.0,GHCND:USC00275500,METERS,-72.0,NH
182.9,1973-12-01,2016-03-01,43.73333,"MOULTONBORO 5 WSW, NH US",1.0,GHCND:USC00275532,METERS,-71.48333,NH
388.6,1957-01-01,2015-06-09,43.3325,"MOUNT SUNAPEE, NH US",1.0,GHCND:USC00275629,METERS,-72.0791,NH
26.5,1938-01-01,2010-12-31,42.76667,"NASHUA, NH US",1.0,GHCND:USC00275702,METERS,-71.45,NH
54.9,2014-01-01,2025-12-24,42.7346,"NASHUA CWSU, NH US",1.0,GHCND:USC00275703,METERS,-71.4802,NH
41.1,1885-08-01,2025-11-30,42.7913,"NASHUA 2 NNW, NH US",1.0,GHCND:USC00275712,METERS,-71.4735,NH
463.9,1940-10-01,1951-10-31,42.98333,"NELSON, NH US",0.9925,GHCND:USC00275730,METERS,-72.13333,NH
4.3,1943-10-01,1954-03-31,43.06667,"NEW CASTLE, NH US",0.8334,GHCND:USC00275768,METERS,-70.716667,NH
195.1,1926-07-01,2013-09-01,43.47576,"NEW DURHAM 3 NNW, NH US",1.0,GHCND:USC00275780,METERS,-71.17884,NH
201.2,1993-01-01,2006-06-30,43.5,"NEW DURHAM 4 N, NH US",0.9993,GHCND:USC00275783,METERS,-71.15,NH
213.4,1998-01-01,2009-10-01,43.6,"NEW HAMPTON, NH US",0.9999,GHCND:USC00275813,METERS,-71.63111,NH
396.2,2012-08-01,2012-10-31,42.7701,"NEW IPSWICH, NH US",0.9925,GHCND:USC00275820,METERS,-71.9226,NH
390.1,1947-01-01,1957-05-31,43.41667,"NEW LONDON, NH US",0.8722,GHCND:USC00275843,METERS,-72.01667,NH
234.7,1928-11-01,2025-12-22,43.3772,"NEWPORT, NH US",1.0,GHCND:USC00275868,METERS,-72.1812,NH
121.9,1889-01-01,1918-11-30,42.883333,"NEWTON, NH US",1.0,GHCND:USC00275880,METERS,-71.033333,NH
110.0,1944-01-01,1961-03-31,43.25,"NORTH CHICHESTER, NH US",0.7344,GHCND:USC00275982,METERS,-71.38333,NH
159.1,1974-03-01,2025-12-25,44.0562,"NORTH CONWAY, NH US",1.0,GHCND:USC00275995,METERS,-71.1297,NH
175.3,1887-09-01,1901-01-31,44.033333,"NORTH CONWAY 1, NH US",0.9813,GHCND:USC00275997,METERS,-71.15,NH
393.2,1989-01-01,1999-09-30,43.76111,"NORTH GROTON, NH US",0.9993,GHCND:USC00276055,METERS,-71.87139,NH
18.3,2003-09-01,2025-11-30,42.9588,"NORTH HAMPTON, NH US",1.0,GHCND:USC00276070,METERS,-70.8227,NH
289.6,1902-11-01,2021-08-02,44.68199,"NORTH STRATFORD, NH US",1.0,GHCND:USC00276234,METERS,-71.58575,NH
214.0,1942-08-01,1953-09-30,42.93333,"NORTH VILLAGE, NH US",0.9775,GHCND:USC00276302,METERS,-71.91667,NH
338.9,2019-01-01,2025-12-25,44.52835,"NORTHUMBERLAND, NH US",0.9997,GHCND:USC00276365,METERS,-71.50446,NH
161.5,1956-01-01,2025-12-24,43.21405,"NORTHWOOD, NH US",0.8469,GHCND:USC00276368,METERS,-71.24695,NH
241.1,1970-12-01,1971-05-31,43.23333,"NORTHWOOD CENTER, NH US",1.0,GHCND:USC00276390,METERS,-71.18333,NH
243.8,1903-09-01,1907-04-30,44.033333,"NORTH WOODSTOCK, NH US",0.9327,GHCND:USC00276410,METERS,-71.683333,NH
536.4,2019-01-01,2020-08-19,43.66884,"ORANGE, NH US",1.0,GHCND:USC00276525,METERS,-71.94838,NH
207.3,1958-01-01,2025-12-23,42.9453,"OTTER BROOK LAKE, NH US",1.0,GHCND:USC00276550,METERS,-72.237,NH
310.9,1892-01-01,1994-11-30,42.85,"PETERBORO 2 S, NH US",0.5337,GHCND:USC00276697,METERS,-71.95,NH
426.7,2012-11-01,2016-04-06,44.0626,"PIKE 4 NE, NH US",1.0,GHCND:USC00276800,METERS,-71.9497,NH
617.2,1930-01-01,2025-12-25,44.258,"PINKHAM NOTCH, NH US",1.0,GHCND:USC00276818,METERS,-71.2525,NH
585.2,1918-03-01,1931-08-31,45.2,"PITTSBURG, NH US",0.9627,GHCND:USC00276850,METERS,-71.216667,NH
405.4,1948-06-01,2025-12-25,45.04692,"PITTSBURG RESERVOIR, NH US",0.0734,GHCND:USC00276856,METERS,-71.383,NH
153.0,1887-01-01,1951-03-31,43.75,"PLYMOUTH, NH US",0.9777,GHCND:USC00276944,METERS,-71.68333,NH
201.2,1951-01-01,2010-12-31,43.78333,"PLYMOUTH, NH US",1.0,GHCND:USC00276945,METERS,-71.65,NH
198.1,1948-06-01,1949-03-31,43.76667,"PLYMOUTH 1 SW, NH US",1.0,GHCND:USC00276949,METERS,-71.68333,NH
18.0,1954-01-01,1973-05-31,43.06667,"PORTSMOUTH, NH US",0.9955,GHCND:USC00276980,METERS,-70.71667,NH
670.6,1921-01-01,1925-10-31,44.166667,"PROFILE, NH US",0.8986,GHCND:USC00277015,METERS,-71.75,NH
,1886-05-01,1887-09-30,43.766667,"QUINCY, NH US",0.9989,GHCND:USC00277060,,-71.983333,NH
381.0,1940-05-01,1949-09-30,44.36667,"RANDOLPH, NH US",0.9998,GHCND:USC00277088,METERS,-71.31667,NH
70.1,1989-10-01,2012-12-10,43.3002,"ROCHESTER, NH US",1.0,GHCND:USC00277253,METERS,-70.9827,NH
155.4,1987-01-01,1988-04-30,43.8,"RUMNEY, NH US",1.0,GHCND:USC00277747,METERS,-71.81667,NH
167.6,1996-01-01,2025-12-25,43.3544,"SALISBURY, NH US",1.0,GHCND:USC00277833,METERS,-71.7363,NH
253.0,1892-07-01,1903-09-30,43.5,"SANBORNTON, NH US",1.0,GHCND:USC00277850,METERS,-71.683333,NH
284.1,1942-08-01,1981-10-31,43.5,"SOUTH DANBURY, NH US",0.9957,GHCND:USC00277967,METERS,-71.9,NH
198.1,1944-11-01,1999-01-31,42.88333,"SOUTH LYNDEBORO, NH US",0.9594,GHCND:USC00278081,METERS,-71.78333,NH
228.6,1945-07-01,1949-11-06,43.316667,"SOUTH SUTTON, NH US",0.6533,GHCND:USC00278169,METERS,-71.933333,NH
214.0,1944-11-01,1969-09-30,43.05,"SOUTH WEARE 1 SE, NH US",0.9332,GHCND:USC00278194,METERS,-71.71667,NH
427.0,1944-10-01,1951-05-31,43.08333,"STODDARD, NH US",1.0,GHCND:USC00278350,METERS,-72.11667,NH
289.6,1886-06-01,1905-12-31,44.666667,"STRATFORD, NH US",1.0,GHCND:USC00278440,METERS,-71.583333,NH
313.9,1941-07-01,1954-03-31,43.38333,"SUNAPEE, NH US",0.9346,GHCND:USC00278502,METERS,-72.08333,NH
170.7,1948-06-01,2025-12-23,42.99666,"SURRY MOUNTAIN LAKE, NH US",1.0,GHCND:USC00278539,METERS,-72.31275,NH
201.2,1954-04-01,1956-11-30,43.86667,"TAMWORTH, NH US",0.9678,GHCND:USC00278606,METERS,-71.26667,NH
153.0,1962-01-01,1969-12-16,43.85,"TAMWORTH 2, NH US",0.9996,GHCND:USC00278610,METERS,-71.26667,NH
240.8,1974-07-01,2010-12-31,43.9,"TAMWORTH 3, NH US",1.0,GHCND:USC00278612,METERS,-71.3,NH
164.9,2000-01-01,2025-12-25,43.86434,"TAMWORTH 4, NH US",1.0,GHCND:USC00278614,METERS,-71.26628,NH
646.2,1948-06-01,1949-10-31,43.983333,"THORNTON GAP, NH US",0.235,GHCND:USC00278678,METERS,-71.55,NH
305.1,1953-11-01,1957-09-30,42.81667,"TROY, NH US",0.9578,GHCND:USC00278741,METERS,-72.18333,NH
1158.8,1947-03-01,1950-09-30,44.26667,"TUCKERMAN RAVINE, NH US",1.0,GHCND:USC00278754,METERS,-71.28333,NH
457.2,1927-01-01,1933-06-30,44.283333,"TWIN MOUNTAIN, NH US",0.5515,GHCND:USC00278785,METERS,-71.533333,NH
92.0,1885-05-01,1952-10-31,43.05,"WALPOLE 2, NH US",0.2815,GHCND:USC00278854,METERS,-72.45,NH
92.0,1952-06-01,1979-03-31,43.05,"WALPOLE 2, NH US",0.9994,GHCND:USC00278855,METERS,-72.45,NH
184.1,2016-11-01,2025-12-25,43.03361,"WALPOLE 2 S NEPP, NH US",0.9303,GHCND:USC00278856,METERS,-72.43278,NH
283.5,1979-01-01,2015-02-01,43.0739,"WALPOLE 3, NH US",1.0,GHCND:USC00278858,METERS,-72.4053,NH
149.4,1885-07-01,1900-09-30,43.25,"WARNER, NH US",0.7495,GHCND:USC00278875,METERS,-71.833333,NH
216.4,1942-08-01,1991-07-31,43.90994,"WARREN, NH US",0.2296,GHCND:USC00278885,METERS,-71.88781,NH
458.1,1921-01-01,1949-10-31,43.95,"WATERVILLE VALLEY, NH US",0.1666,GHCND:USC00278960,METERS,-71.5,NH
435.6,2016-08-01,2025-12-25,43.9459,"WATERVILLE VALLEY NEPP, NH US",0.9895,GHCND:USC00278961,METERS,-71.511,NH
219.5,1969-10-01,2012-08-01,43.0847,"WEARE, NH US",1.0,GHCND:USC00278972,METERS,-71.7383,NH
245.4,2012-01-01,2023-08-31,43.099,"WEARE 2 NE, NH US",1.0,GHCND:USC00278973,METERS,-71.7572,NH
137.2,1992-12-01,1995-01-31,43.3,"WEBSTER, NH US",1.0,GHCND:USC00279045,METERS,-71.7,NH
134.1,1960-02-01,1960-09-30,43.45,"WEBSTER SUBSTN, NH US",1.0,GHCND:USC00279049,METERS,-71.68333,NH
287.1,1948-06-01,1951-09-30,43.36667,"WENDELL, NH US",0.9004,GHCND:USC00279074,METERS,-72.11667,NH
199.0,1944-01-01,2025-12-24,43.86687,"WENTWORTH, NH US",1.0,GHCND:USC00279091,METERS,-71.91652,NH
156.1,1950-07-01,1951-10-31,43.55,"WEST ALTON, NH US",0.5656,GHCND:USC00279104,METERS,-71.31667,NH
214.0,1941-05-01,1946-05-31,43.65,"WEST CANAAN, NH US",0.9986,GHCND:USC00279184,METERS,-72.1,NH
87.8,2006-01-01,2025-12-25,42.91083,"WEST HAMPSTEAD, NH US",1.0,GHCND:USC00279278,METERS,-71.20205,NH
153.0,1955-12-01,1963-12-31,43.16667,"WEST HENNIKER, NH US",0.9277,GHCND:USC00279291,METERS,-71.85,NH
309.7,1886-01-01,1898-02-28,44.5,"WEST MILAN 1, NH US",0.9066,GHCND:USC00279307,METERS,-71.25,NH
115.8,1931-01-01,1960-09-30,43.63333,"WEST LEBANON, NH US",0.9888,GHCND:USC00279318,METERS,-72.31667,NH
155.4,1944-01-01,1986-10-31,43.8,"RUMNEY, NH US",0.9961,GHCND:USC00279474,METERS,-71.81667,NH
328.9,1902-11-01,1971-07-31,45.0,"WEST STEWARTSTOWN, VT US",0.5164,GHCND:USC00279525,METERS,-71.53333,VT
396.8,1948-06-01,1949-09-30,44.3,"WHITEFIELD, NH US",0.875,GHCND:USC00279613,METERS,-71.55,NH
331.9,1941-12-01,1972-01-31,44.38333,"WHITEFIELD, NH US",0.8977,GHCND:USC00279618,METERS,-71.6,NH
274.9,1944-10-01,1957-09-30,43.45,"WILMOT, NH US",0.9936,GHCND:USC00279676,METERS,-71.91667,NH
149.0,1948-06-01,1951-09-30,42.76667,"WINCHESTER, NH US",1.0,GHCND:USC00279726,METERS,-72.36667,NH
67.1,1948-06-01,1976-07-31,42.81667,"WINDHAM 3 NW, NH US",1.0,GHCND:USC00279740,METERS,-71.33333,NH
161.8,1931-01-01,1961-09-30,43.58333,"WOLFEBORO FALLS, NH US",0.9973,GHCND:USC00279865,METERS,-71.2,NH
219.2,1961-01-01,1975-11-30,43.6,"WOLFEBORO, NH US",0.9995,GHCND:USC00279866,METERS,-71.23333,NH
335.9,1970-01-01,1974-07-31,43.91667,"WONALANCET, NH US",1.0,GHCND:USC00279903,METERS,-71.35,NH
220.1,1942-08-01,1980-12-31,43.98333,"WOODSTOCK, NH US",0.9977,GHCND:USC00279940,METERS,-71.68333,NH
139.0,1915-02-01,1933-07-11,44.152286,"WOODSVILLE, NH US",0.7659,GHCND:USC00279950,METERS,-72.037313,NH
463.0,1931-01-01,2025-10-31,44.50673,"YORK POND, NH US",1.0,GHCND:USC00279966,METERS,-71.33357,NH
823.0,2023-01-01,2025-12-25,44.19591,"ZEALAND FALLS HUT, NH US",0.9991,GHCND:USC00279970,METERS,-71.49448,NH
74.1,1898-04-01,1912-03-31,43.616667,"CARVERS FALLS, VT US",0.9941,GHCND:USC00301220,METERS,-73.3,VT
267.0,1993-01-01,1999-04-30,44.7,"ALBANY, VT US",1.0,GHCND:USC00430134,METERS,-72.38333,VT
514.2,2011-11-01,2025-12-23,44.9988,"AVERILL, VT US",1.0,GHCND:USC00430193,METERS,-71.7098,VT
344.4,1969-05-01,2016-12-05,43.1002,"BALL MOUNTAIN LAKE, VT US",1.0,GHCND:USC00430277,METERS,-72.7836,VT
399.3,1940-10-01,1944-08-31,43.75,"BARNARD, VT US",0.8508,GHCND:USC00430315,METERS,-72.616667,VT
182.9,1937-01-01,1960-02-29,44.2,"BARRE, VT US",1.0,GHCND:USC00430337,METERS,-72.51667,VT
82.3,1902-01-01,2010-12-31,43.13333,"BELLOWS FALLS, VT US",1.0,GHCND:USC00430499,METERS,-72.45,VT
267.9,1948-06-01,1950-09-30,42.85,"BENNINGTON, VT US",1.0,GHCND:USC00430558,METERS,-73.16667,VT
203.9,1896-11-01,1969-07-31,42.91667,"BENNINGTON 2 NNW, VT US",0.7125,GHCND:USC00430563,METERS,-73.21667,VT
164.9,1928-01-01,1957-08-31,43.83333,"BETHEL, VT US",0.6734,GHCND:USC00430660,METERS,-72.63333,VT
201.2,1958-05-01,2015-02-01,43.8833,"BETHEL 4 N, VT US",1.0,GHCND:USC00430661,METERS,-72.6344,VT
